"Iteration","Dst","Src","BW","HC","PI","IU","run","method","users","speed"
"1",1,6,1,0,3,1,9.4,"1","ahp",30,"0"
"2",1,7,1,0,5,1,9.4,"1","ahp",30,"0"
"3",1,8,1,0.3,5,2,9.4,"1","ahp",30,"0"
"4",1,9,1,0,2,2,9.4,"1","ahp",30,"0"
"5",1,10,1,0,1,4,9.4,"1","ahp",30,"0"
"6",1,11,1,0,4,1,9.4,"1","ahp",30,"0"
"7",1,12,1,0,1,1,9.4,"1","ahp",30,"0"
"8",1,13,4,0.3,2,2,3.9,"1","ahp",30,"0"
"9",1,14,4,0.3,1,2,3.9,"1","ahp",30,"0"
"10",1,15,1,0.3,2,1,9.4,"1","ahp",30,"0"
"11",1,16,4,0.3,4,2,3.9,"1","ahp",30,"0"
"12",1,17,1,0,1,1,9.4,"1","ahp",30,"0"
"13",1,18,1,0,1,3,9.4,"1","ahp",30,"0"
"14",1,19,1,0,4,1,9.4,"1","ahp",30,"0"
"15",1,20,1,0,3,1,9.4,"1","ahp",30,"0"
"16",1,21,1,0,3,1,9.4,"1","ahp",30,"0"
"17",1,22,1,0.3,2,1,9.4,"1","ahp",30,"0"
"18",1,23,1,0.045922,1,2,9.4,"1","ahp",30,"0"
"19",1,24,1,0,5,2,9.4,"1","ahp",30,"0"
"20",1,25,1,0.3,4,2,9.4,"1","ahp",30,"0"
"21",1,26,1,0,3,2,9.4,"1","ahp",30,"0"
"22",1,27,1,0,2,2,9.4,"1","ahp",30,"0"
"23",1,28,1,0,6,2,9.4,"1","ahp",30,"0"
"24",1,29,1,0,2,4,9.4,"1","ahp",30,"0"
"25",1,30,4,0.3,3,2,3.9,"1","ahp",30,"0"
"26",1,31,1,0,2,1,9.4,"1","ahp",30,"0"
"27",1,32,1,0,4,2,9.4,"1","ahp",30,"0"
"28",1,33,4,0.3,1,2,3.9,"1","ahp",30,"0"
"29",1,34,1,0,6,2,9.4,"1","ahp",30,"0"
"30",1,35,1,0,3,2,9.4,"1","ahp",30,"0"
"31",1,6,5,0.3,1,1,5.1,"1","it",30,"0"
"32",1,7,5,0.3,5,1,5.1,"1","it",30,"0"
"33",1,8,0,0.3,5,2,5.5,"1","it",30,"0"
"34",1,9,0,0.3,4,2,5.5,"1","it",30,"0"
"35",1,10,1,0.3,1,4,9.4,"1","it",30,"0"
"36",1,11,2,0.3,11,1,7.2,"1","it",30,"0"
"37",1,12,5,0.3,1,1,5.1,"1","it",30,"0"
"38",1,13,4,0.3,2,2,3.9,"1","it",30,"0"
"39",1,14,4,0.3,1,2,3.9,"1","it",30,"0"
"40",1,15,1,0.3,2,1,9.4,"1","it",30,"0"
"41",1,16,4,0.3,4,2,3.9,"1","it",30,"0"
"42",1,17,5,0.042105,1,1,5.1,"1","it",30,"0"
"43",1,18,0,0.044769,3,2,5.5,"1","it",30,"0"
"44",1,19,5,0.3,2,1,5.1,"1","it",30,"0"
"45",1,20,5,0.3,5,1,5.1,"1","it",30,"0"
"46",1,21,5,0.3,3,1,5.1,"1","it",30,"0"
"47",1,22,5,0.3,2,1,5.1,"1","it",30,"0"
"48",1,23,1,0.3,1,2,9.4,"1","it",30,"0"
"49",1,24,0,0,5,2,5.5,"1","it",30,"0"
"50",1,25,1,0.3,4,2,9.4,"1","it",30,"0"
"51",1,26,1,0,3,2,9.4,"1","it",30,"0"
"52",1,27,0,0.3,2,2,5.5,"1","it",30,"0"
"53",1,28,1,0.034481,6,2,9.4,"1","it",30,"0"
"54",1,29,0,0,2,4,5.5,"1","it",30,"0"
"55",1,30,4,0.3,3,2,3.9,"1","it",30,"0"
"56",1,31,4,0.3,8,2,3.9,"1","it",30,"0"
"57",1,32,0,0.3,4,2,5.5,"1","it",30,"0"
"58",1,33,4,0.3,1,2,3.9,"1","it",30,"0"
"59",1,34,1,0,6,2,9.4,"1","it",30,"0"
"60",1,35,1,0,3,2,9.4,"1","it",30,"0"
"61",1,6,1,0.154945,2,2,9.4,"10","ahp",30,"0"
"62",1,7,-2,0,0,0,0,"10","ahp",30,"0"
"63",1,8,2,0.3,1,1,7.2,"10","ahp",30,"0"
"64",1,9,1,0.3,2,2,9.4,"10","ahp",30,"0"
"65",1,10,1,0,3,1,9.4,"10","ahp",30,"0"
"66",1,11,1,0,1,1,9.4,"10","ahp",30,"0"
"67",1,12,1,0,4,1,9.4,"10","ahp",30,"0"
"68",1,13,1,0.3,5,1,9.4,"10","ahp",30,"0"
"69",1,14,1,0,4,1,9.4,"10","ahp",30,"0"
"70",1,15,1,0.279805,3,1,9.4,"10","ahp",30,"0"
"71",1,16,0,0.3,2,1,5.5,"10","ahp",30,"0"
"72",1,17,1,0,3,1,9.4,"10","ahp",30,"0"
"73",1,18,-2,0,0,0,0,"10","ahp",30,"0"
"74",1,19,1,0,3,1,9.4,"10","ahp",30,"0"
"75",1,20,1,0,5,1,9.4,"10","ahp",30,"0"
"76",1,21,-2,0,0,0,0,"10","ahp",30,"0"
"77",1,22,1,0,1,2,9.4,"10","ahp",30,"0"
"78",1,23,0,0.3,1,1,5.5,"10","ahp",30,"0"
"79",1,24,1,0.3,5,1,9.4,"10","ahp",30,"0"
"80",1,25,1,0,2,1,9.4,"10","ahp",30,"0"
"81",1,26,4,0.3,2,2,3.9,"10","ahp",30,"0"
"82",1,27,0,0.3,1,1,5.5,"10","ahp",30,"0"
"83",1,28,3,0.3,1,2,4.8,"10","ahp",30,"0"
"84",1,29,1,0,2,2,9.4,"10","ahp",30,"0"
"85",1,30,1,0,5,1,9.4,"10","ahp",30,"0"
"86",1,31,1,0,4,1,9.4,"10","ahp",30,"0"
"87",1,32,1,0,1,2,9.4,"10","ahp",30,"0"
"88",1,33,1,0,2,1,9.4,"10","ahp",30,"0"
"89",1,34,1,0.3,2,2,9.4,"10","ahp",30,"0"
"90",1,35,4,0.3,1,2,3.9,"10","ahp",30,"0"
"91",1,6,1,0.3,2,2,9.4,"10","it",30,"0"
"92",1,7,-2,0,0,0,0,"10","it",30,"0"
"93",1,8,2,0.3,1,1,7.2,"10","it",30,"0"
"94",1,9,5,0.3,1,2,5.1,"10","it",30,"0"
"95",1,10,0,0.3,2,1,5.5,"10","it",30,"0"
"96",1,11,5,0.3,3,1,5.1,"10","it",30,"0"
"97",1,12,3,0.05229,5,1,4.8,"10","it",30,"0"
"98",1,13,2,0.3,7,1,7.2,"10","it",30,"0"
"99",1,14,3,0.3,4,2,4.8,"10","it",30,"0"
"100",1,15,0,0.3,5,1,5.5,"10","it",30,"0"
"101",1,16,5,0.3,8,1,5.1,"10","it",30,"0"
"102",1,17,5,0.3,5,1,5.1,"10","it",30,"0"
"103",1,18,-2,0,0,0,0,"10","it",30,"0"
"104",1,19,1,0.096148,3,1,9.4,"10","it",30,"0"
"105",1,20,0,0.3,2,1,5.5,"10","it",30,"0"
"106",1,21,-2,0,0,0,0,"10","it",30,"0"
"107",1,22,5,0.3,1,2,5.1,"10","it",30,"0"
"108",1,23,0,0.3,1,1,5.5,"10","it",30,"0"
"109",1,24,2,0.3,7,1,7.2,"10","it",30,"0"
"110",1,25,5,0.3,4,1,5.1,"10","it",30,"0"
"111",1,26,3,0.3,3,2,4.8,"10","it",30,"0"
"112",1,27,0,0.3,1,1,5.5,"10","it",30,"0"
"113",1,28,3,0.3,1,2,4.8,"10","it",30,"0"
"114",1,29,5,0.3,4,2,5.1,"10","it",30,"0"
"115",1,30,0,0.3,3,1,5.5,"10","it",30,"0"
"116",1,31,0,0.3,1,1,5.5,"10","it",30,"0"
"117",1,32,5,0,3,2,5.1,"10","it",30,"0"
"118",1,33,5,0.3,4,1,5.1,"10","it",30,"0"
"119",1,34,1,0.3,2,2,9.4,"10","it",30,"0"
"120",1,35,3,0.3,2,2,4.8,"10","it",30,"0"
"121",1,6,1,0,3,1,9.4,"11","ahp",30,"0"
"122",1,7,4,0.3,1,2,3.9,"11","ahp",30,"0"
"123",1,8,1,0,4,1,9.4,"11","ahp",30,"0"
"124",1,9,1,0,1,1,9.4,"11","ahp",30,"0"
"125",1,10,1,0,3,1,9.4,"11","ahp",30,"0"
"126",1,11,1,0,4,1,9.4,"11","ahp",30,"0"
"127",1,12,5,0.3,1,3,5.1,"11","ahp",30,"0"
"128",1,13,4,0.3,1,2,3.9,"11","ahp",30,"0"
"129",1,14,2,0.3,2,2,7.2,"11","ahp",30,"0"
"130",1,15,1,0.3,3,1,9.4,"11","ahp",30,"0"
"131",1,16,5,0.3,3,2,5.1,"11","ahp",30,"0"
"132",1,17,1,0,2,1,9.4,"11","ahp",30,"0"
"133",1,18,2,0.3,3,2,7.2,"11","ahp",30,"0"
"134",1,19,5,0.3,2,2,5.1,"11","ahp",30,"0"
"135",1,20,2,0.3,1,3,7.2,"11","ahp",30,"0"
"136",1,21,2,0.3,1,3,7.2,"11","ahp",30,"0"
"137",1,22,5,0.3,1,4,5.1,"11","ahp",30,"0"
"138",1,23,2,0.3,3,2,7.2,"11","ahp",30,"0"
"139",1,24,1,0,8,1,9.4,"11","ahp",30,"0"
"140",1,25,4,0.3,3,2,3.9,"11","ahp",30,"0"
"141",1,26,2,0.3,2,3,7.2,"11","ahp",30,"0"
"142",1,27,1,0.027273,3,1,9.4,"11","ahp",30,"0"
"143",1,28,5,0.3,2,2,5.1,"11","ahp",30,"0"
"144",1,29,1,0,1,1,9.4,"11","ahp",30,"0"
"145",1,30,5,0.03664,1,3,5.1,"11","ahp",30,"0"
"146",1,31,4,0.3,3,2,3.9,"11","ahp",30,"0"
"147",1,32,4,0.3,1,2,3.9,"11","ahp",30,"0"
"148",1,33,4,0.3,2,1,3.9,"11","ahp",30,"0"
"149",1,34,5,0,2,2,5.1,"11","ahp",30,"0"
"150",1,35,5,0.3,1,2,5.1,"11","ahp",30,"0"
"151",1,6,2,0.3,3,1,7.2,"11","it",30,"0"
"152",1,7,5,0,3,2,5.1,"11","it",30,"0"
"153",1,8,1,0.3,4,1,9.4,"11","it",30,"0"
"154",1,9,5,0,8,2,5.1,"11","it",30,"0"
"155",1,10,2,0.3,3,1,7.2,"11","it",30,"0"
"156",1,11,5,0.3,1,1,5.1,"11","it",30,"0"
"157",1,12,5,0,1,3,5.1,"11","it",30,"0"
"158",1,13,5,0.3,3,2,5.1,"11","it",30,"0"
"159",1,14,0,0.3,1,2,5.5,"11","it",30,"0"
"160",1,15,5,0.3,4,2,5.1,"11","it",30,"0"
"161",1,16,5,0.3,3,2,5.1,"11","it",30,"0"
"162",1,17,5,0,7,2,5.1,"11","it",30,"0"
"163",1,18,2,0.3,3,2,7.2,"11","it",30,"0"
"164",1,19,5,0.044354,2,2,5.1,"11","it",30,"0"
"165",1,20,2,0.3,1,3,7.2,"11","it",30,"0"
"166",1,21,2,0.3,1,3,7.2,"11","it",30,"0"
"167",1,22,5,0.3,1,4,5.1,"11","it",30,"0"
"168",1,23,2,0.3,3,2,7.2,"11","it",30,"0"
"169",1,24,4,0.3,5,1,3.9,"11","it",30,"0"
"170",1,25,5,0,5,2,5.1,"11","it",30,"0"
"171",1,26,2,0.3,2,3,7.2,"11","it",30,"0"
"172",1,27,5,0.3,6,2,5.1,"11","it",30,"0"
"173",1,28,5,0.3,2,2,5.1,"11","it",30,"0"
"174",1,29,5,0.3,4,2,5.1,"11","it",30,"0"
"175",1,30,5,0,1,3,5.1,"11","it",30,"0"
"176",1,31,5,0,2,2,5.1,"11","it",30,"0"
"177",1,32,5,0,3,2,5.1,"11","it",30,"0"
"178",1,33,4,0.3,2,1,3.9,"11","it",30,"0"
"179",1,34,5,0,2,2,5.1,"11","it",30,"0"
"180",1,35,5,0,1,2,5.1,"11","it",30,"0"
"181",1,6,1,0.3,4,2,9.4,"12","ahp",30,"0"
"182",1,7,2,0.3,1,2,7.2,"12","ahp",30,"0"
"183",1,8,3,0.3,2,3,4.8,"12","ahp",30,"0"
"184",1,9,1,0.3,1,4,9.4,"12","ahp",30,"0"
"185",1,10,3,0.3,2,3,4.8,"12","ahp",30,"0"
"186",1,11,1,0,1,1,9.4,"12","ahp",30,"0"
"187",1,12,1,0.3,5,1,9.4,"12","ahp",30,"0"
"188",1,13,1,0,4,3,9.4,"12","ahp",30,"0"
"189",1,14,1,0,3,1,9.4,"12","ahp",30,"0"
"190",1,15,1,0,3,3,9.4,"12","ahp",30,"0"
"191",1,16,0,0.3,2,3,5.5,"12","ahp",30,"0"
"192",1,17,1,0,3,3,9.4,"12","ahp",30,"0"
"193",1,18,0,0.3,4,2,5.5,"12","ahp",30,"0"
"194",1,19,1,0,1,3,9.4,"12","ahp",30,"0"
"195",1,20,1,0.076739,1,3,9.4,"12","ahp",30,"0"
"196",1,21,1,0,2,3,9.4,"12","ahp",30,"0"
"197",1,22,3,0.3,1,3,4.8,"12","ahp",30,"0"
"198",1,23,0,0.163158,3,2,5.5,"12","ahp",30,"0"
"199",1,24,1,0,2,3,9.4,"12","ahp",30,"0"
"200",1,25,1,0,3,1,9.4,"12","ahp",30,"0"
"201",1,26,1,0,2,1,9.4,"12","ahp",30,"0"
"202",1,27,0,0,3,2,5.5,"12","ahp",30,"0"
"203",1,28,1,0,4,1,9.4,"12","ahp",30,"0"
"204",1,29,0,0.3,1,3,5.5,"12","ahp",30,"0"
"205",1,30,0,0.3,2,2,5.5,"12","ahp",30,"0"
"206",1,31,0,0.078947,5,2,5.5,"12","ahp",30,"0"
"207",1,32,1,0,2,1,9.4,"12","ahp",30,"0"
"208",1,33,1,0.3,3,1,9.4,"12","ahp",30,"0"
"209",1,34,1,0,2,1,9.4,"12","ahp",30,"0"
"210",1,35,0,0.3,1,2,5.5,"12","ahp",30,"0"
"211",1,6,5,0.3,1,2,5.1,"12","it",30,"0"
"212",1,7,2,0.3,1,2,7.2,"12","it",30,"0"
"213",1,8,0,0.3,2,2,5.5,"12","it",30,"0"
"214",1,9,1,0.3,1,4,9.4,"12","it",30,"0"
"215",1,10,0,0.3,2,2,5.5,"12","it",30,"0"
"216",1,11,2,0.3,4,1,7.2,"12","it",30,"0"
"217",1,12,2,0.3,5,1,7.2,"12","it",30,"0"
"218",1,13,5,0.058211,5,2,5.1,"12","it",30,"0"
"219",1,14,0,0.3,4,1,5.5,"12","it",30,"0"
"220",1,15,5,0,4,2,5.1,"12","it",30,"0"
"221",1,16,0,0.3,2,3,5.5,"12","it",30,"0"
"222",1,17,5,0.3,2,2,5.1,"12","it",30,"0"
"223",1,18,0,0.3,4,2,5.5,"12","it",30,"0"
"224",1,19,1,0,1,3,9.4,"12","it",30,"0"
"225",1,20,1,0.3,1,3,9.4,"12","it",30,"0"
"226",1,21,1,0.227779,2,3,9.4,"12","it",30,"0"
"227",1,22,0,0.3,2,2,5.5,"12","it",30,"0"
"228",1,23,0,0.163158,3,2,5.5,"12","it",30,"0"
"229",1,24,5,0.3,3,2,5.1,"12","it",30,"0"
"230",1,25,2,0.3,1,1,7.2,"12","it",30,"0"
"231",1,26,2,0.3,6,1,7.2,"12","it",30,"0"
"232",1,27,0,0,3,2,5.5,"12","it",30,"0"
"233",1,28,4,0.3,4,1,3.9,"12","it",30,"0"
"234",1,29,0,0.3,1,3,5.5,"12","it",30,"0"
"235",1,30,0,0.3,2,2,5.5,"12","it",30,"0"
"236",1,31,0,0.078947,5,2,5.5,"12","it",30,"0"
"237",1,32,2,0.3,2,1,7.2,"12","it",30,"0"
"238",1,33,0,0.3,8,1,5.5,"12","it",30,"0"
"239",1,34,5,0.3,6,1,5.1,"12","it",30,"0"
"240",1,35,0,0.3,1,2,5.5,"12","it",30,"0"
"241",1,6,2,0,3,2,7.2,"13","ahp",30,"0"
"242",1,7,4,0.3,1,4,3.9,"13","ahp",30,"0"
"243",1,8,1,0.3,6,1,9.4,"13","ahp",30,"0"
"244",1,9,0,0.3,1,2,5.5,"13","ahp",30,"0"
"245",1,10,1,0.106938,2,1,9.4,"13","ahp",30,"0"
"246",1,11,2,0.3,3,1,7.2,"13","ahp",30,"0"
"247",1,12,1,0.3,3,1,9.4,"13","ahp",30,"0"
"248",1,13,5,0.3,1,1,5.1,"13","ahp",30,"0"
"249",1,14,1,0,2,1,9.4,"13","ahp",30,"0"
"250",1,15,1,0.3,6,1,9.4,"13","ahp",30,"0"
"251",1,16,2,0,2,2,7.2,"13","ahp",30,"0"
"252",1,17,2,0.3,2,1,7.2,"13","ahp",30,"0"
"253",1,18,1,0.247059,3,1,9.4,"13","ahp",30,"0"
"254",1,19,1,0,6,1,9.4,"13","ahp",30,"0"
"255",1,20,0,0.3,2,2,5.5,"13","ahp",30,"0"
"256",1,21,1,0.3,1,1,9.4,"13","ahp",30,"0"
"257",1,22,1,0.3,2,1,9.4,"13","ahp",30,"0"
"258",1,23,1,0.3,1,1,9.4,"13","ahp",30,"0"
"259",1,24,0,0,1,2,5.5,"13","ahp",30,"0"
"260",1,25,0,0.154553,1,2,5.5,"13","ahp",30,"0"
"261",1,26,1,0,4,1,9.4,"13","ahp",30,"0"
"262",1,27,2,0.3,4,2,7.2,"13","ahp",30,"0"
"263",1,28,2,0.3,3,2,7.2,"13","ahp",30,"0"
"264",1,29,0,0,2,2,5.5,"13","ahp",30,"0"
"265",1,30,0,0.3,1,2,5.5,"13","ahp",30,"0"
"266",1,31,1,0.3,3,1,9.4,"13","ahp",30,"0"
"267",1,32,1,0.3,3,1,9.4,"13","ahp",30,"0"
"268",1,33,4,0.3,2,4,3.9,"13","ahp",30,"0"
"269",1,34,1,0.3,1,1,9.4,"13","ahp",30,"0"
"270",1,35,0,0.3,2,2,5.5,"13","ahp",30,"0"
"271",1,6,0,0,7,2,5.5,"13","it",30,"0"
"272",1,7,2,0.3,1,3,7.2,"13","it",30,"0"
"273",1,8,5,0.3,1,1,5.1,"13","it",30,"0"
"274",1,9,0,0.220591,1,2,5.5,"13","it",30,"0"
"275",1,10,0,0,2,2,5.5,"13","it",30,"0"
"276",1,11,1,0.3,5,1,9.4,"13","it",30,"0"
"277",1,12,0,0.3,4,2,5.5,"13","it",30,"0"
"278",1,13,2,0.3,3,1,7.2,"13","it",30,"0"
"279",1,14,0,0,3,2,5.5,"13","it",30,"0"
"280",1,15,5,0.3,1,1,5.1,"13","it",30,"0"
"281",1,16,2,0.3,2,2,7.2,"13","it",30,"0"
"282",1,17,2,0.3,2,1,7.2,"13","it",30,"0"
"283",1,18,0,0,5,2,5.5,"13","it",30,"0"
"284",1,19,1,0.3,6,1,9.4,"13","it",30,"0"
"285",1,20,0,0.3,2,2,5.5,"13","it",30,"0"
"286",1,21,0,0,4,2,5.5,"13","it",30,"0"
"287",1,22,0,0.3,2,2,5.5,"13","it",30,"0"
"288",1,23,0,0.3,4,2,5.5,"13","it",30,"0"
"289",1,24,0,0,1,2,5.5,"13","it",30,"0"
"290",1,25,0,0,1,2,5.5,"13","it",30,"0"
"291",1,26,0,0,5,2,5.5,"13","it",30,"0"
"292",1,27,2,0.3,4,2,7.2,"13","it",30,"0"
"293",1,28,2,0.3,3,2,7.2,"13","it",30,"0"
"294",1,29,0,0,2,2,5.5,"13","it",30,"0"
"295",1,30,0,0,1,2,5.5,"13","it",30,"0"
"296",1,31,0,0,3,2,5.5,"13","it",30,"0"
"297",1,32,0,0.3,3,2,5.5,"13","it",30,"0"
"298",1,33,2,0.3,1,3,7.2,"13","it",30,"0"
"299",1,34,0,0,3,2,5.5,"13","it",30,"0"
"300",1,35,0,0,2,2,5.5,"13","it",30,"0"
"301",1,6,1,0.3,1,3,9.4,"14","ahp",30,"0"
"302",1,7,2,0.203704,3,1,7.2,"14","ahp",30,"0"
"303",1,8,1,0.3,1,3,9.4,"14","ahp",30,"0"
"304",1,9,2,0.3,2,1,7.2,"14","ahp",30,"0"
"305",1,10,0,0.3,4,3,5.5,"14","ahp",30,"0"
"306",1,11,0,0.3,1,3,5.5,"14","ahp",30,"0"
"307",1,12,5,0.3,3,2,5.1,"14","ahp",30,"0"
"308",1,13,1,0.3,6,1,9.4,"14","ahp",30,"0"
"309",1,14,5,0.100231,2,2,5.1,"14","ahp",30,"0"
"310",1,15,1,0,7,1,9.4,"14","ahp",30,"0"
"311",1,16,0,0.3,1,3,5.5,"14","ahp",30,"0"
"312",1,17,5,0.3,1,4,5.1,"14","ahp",30,"0"
"313",1,18,1,0,3,3,9.4,"14","ahp",30,"0"
"314",1,19,5,0.3,1,3,5.1,"14","ahp",30,"0"
"315",1,20,1,0,3,3,9.4,"14","ahp",30,"0"
"316",1,21,1,0,6,1,9.4,"14","ahp",30,"0"
"317",1,22,1,0,4,3,9.4,"14","ahp",30,"0"
"318",1,23,1,0.3,2,1,9.4,"14","ahp",30,"0"
"319",1,24,1,0.3,2,3,9.4,"14","ahp",30,"0"
"320",1,25,1,0,4,1,9.4,"14","ahp",30,"0"
"321",1,26,2,0,1,1,7.2,"14","ahp",30,"0"
"322",1,27,5,0,2,4,5.1,"14","ahp",30,"0"
"323",1,28,0,0.3,3,3,5.5,"14","ahp",30,"0"
"324",1,29,1,0,6,1,9.4,"14","ahp",30,"0"
"325",1,30,1,0,5,1,9.4,"14","ahp",30,"0"
"326",1,31,2,0.3,3,1,7.2,"14","ahp",30,"0"
"327",1,32,2,0.3,1,1,7.2,"14","ahp",30,"0"
"328",1,33,1,0.085714,5,3,9.4,"14","ahp",30,"0"
"329",1,34,2,0.153048,1,1,7.2,"14","ahp",30,"0"
"330",1,35,0,0.050505,5,3,5.5,"14","ahp",30,"0"
"331",1,6,1,0.3,1,3,9.4,"14","it",30,"0"
"332",1,7,2,0.203704,3,1,7.2,"14","it",30,"0"
"333",1,8,1,0.3,1,3,9.4,"14","it",30,"0"
"334",1,9,3,0.3,3,1,4.8,"14","it",30,"0"
"335",1,10,0,0.3,4,3,5.5,"14","it",30,"0"
"336",1,11,0,0.3,1,3,5.5,"14","it",30,"0"
"337",1,12,5,0.3,3,2,5.1,"14","it",30,"0"
"338",1,13,2,0.3,4,1,7.2,"14","it",30,"0"
"339",1,14,5,0.100231,2,2,5.1,"14","it",30,"0"
"340",1,15,1,0,7,1,9.4,"14","it",30,"0"
"341",1,16,0,0.3,1,3,5.5,"14","it",30,"0"
"342",1,17,5,0.3,1,4,5.1,"14","it",30,"0"
"343",1,18,1,0.085714,3,3,9.4,"14","it",30,"0"
"344",1,19,5,0.3,1,3,5.1,"14","it",30,"0"
"345",1,20,1,0.3,3,3,9.4,"14","it",30,"0"
"346",1,21,2,0,4,1,7.2,"14","it",30,"0"
"347",1,22,0,0.3,3,3,5.5,"14","it",30,"0"
"348",1,23,1,0.3,2,1,9.4,"14","it",30,"0"
"349",1,24,1,0.3,2,3,9.4,"14","it",30,"0"
"350",1,25,2,0,2,1,7.2,"14","it",30,"0"
"351",1,26,0,0,6,2,5.5,"14","it",30,"0"
"352",1,27,5,0,2,4,5.1,"14","it",30,"0"
"353",1,28,0,0.3,3,3,5.5,"14","it",30,"0"
"354",1,29,2,0,4,1,7.2,"14","it",30,"0"
"355",1,30,5,0,5,1,5.1,"14","it",30,"0"
"356",1,31,2,0.3,3,1,7.2,"14","it",30,"0"
"357",1,32,2,0.3,1,1,7.2,"14","it",30,"0"
"358",1,33,1,0.3,5,3,9.4,"14","it",30,"0"
"359",1,34,2,0.053279,1,1,7.2,"14","it",30,"0"
"360",1,35,0,0.026769,5,3,5.5,"14","it",30,"0"
"361",1,6,1,0,3,1,9.4,"15","ahp",30,"0"
"362",1,7,1,0.3,1,2,9.4,"15","ahp",30,"0"
"363",1,8,1,0,1,1,9.4,"15","ahp",30,"0"
"364",1,9,3,0.3,1,3,4.8,"15","ahp",30,"0"
"365",1,10,1,0.3,4,1,9.4,"15","ahp",30,"0"
"366",1,11,1,0.124779,1,1,9.4,"15","ahp",30,"0"
"367",1,12,1,0,5,1,9.4,"15","ahp",30,"0"
"368",1,13,2,0.3,1,1,7.2,"15","ahp",30,"0"
"369",1,14,1,0,7,1,9.4,"15","ahp",30,"0"
"370",1,15,1,0,3,1,9.4,"15","ahp",30,"0"
"371",1,16,1,0.3,2,2,9.4,"15","ahp",30,"0"
"372",1,17,1,0,1,1,9.4,"15","ahp",30,"0"
"373",1,18,1,0.12,2,2,9.4,"15","ahp",30,"0"
"374",1,19,1,0.3,1,2,9.4,"15","ahp",30,"0"
"375",1,20,3,0.3,1,3,4.8,"15","ahp",30,"0"
"376",1,21,1,0.3,4,1,9.4,"15","ahp",30,"0"
"377",1,22,0,0.3,2,2,5.5,"15","ahp",30,"0"
"378",1,23,1,0,3,2,9.4,"15","ahp",30,"0"
"379",1,24,1,0,2,2,9.4,"15","ahp",30,"0"
"380",1,25,0,0.3,1,3,5.5,"15","ahp",30,"0"
"381",1,26,5,0.3,1,2,5.1,"15","ahp",30,"0"
"382",1,27,1,0,6,1,9.4,"15","ahp",30,"0"
"383",1,28,4,0.3,1,3,3.9,"15","ahp",30,"0"
"384",1,29,1,0,5,1,9.4,"15","ahp",30,"0"
"385",1,30,1,0.3,8,1,9.4,"15","ahp",30,"0"
"386",1,31,1,0.3,7,1,9.4,"15","ahp",30,"0"
"387",1,32,1,0,2,1,9.4,"15","ahp",30,"0"
"388",1,33,1,0.3,1,2,9.4,"15","ahp",30,"0"
"389",1,34,5,0.3,2,2,5.1,"15","ahp",30,"0"
"390",1,35,1,0,3,2,9.4,"15","ahp",30,"0"
"391",1,6,4,0.3,1,1,3.9,"15","it",30,"0"
"392",1,7,1,0.3,1,2,9.4,"15","it",30,"0"
"393",1,8,1,0.27426,1,1,9.4,"15","it",30,"0"
"394",1,9,5,0.3,3,2,5.1,"15","it",30,"0"
"395",1,10,5,0.3,2,2,5.1,"15","it",30,"0"
"396",1,11,5,0.3,7,1,5.1,"15","it",30,"0"
"397",1,12,2,0.2,5,1,7.2,"15","it",30,"0"
"398",1,13,0,0.3,1,1,5.5,"15","it",30,"0"
"399",1,14,2,0.3,7,1,7.2,"15","it",30,"0"
"400",1,15,1,0.3,3,1,9.4,"15","it",30,"0"
"401",1,16,1,0.3,2,2,9.4,"15","it",30,"0"
"402",1,17,5,0,6,1,5.1,"15","it",30,"0"
"403",1,18,1,0.3,2,2,9.4,"15","it",30,"0"
"404",1,19,1,0.3,1,2,9.4,"15","it",30,"0"
"405",1,20,5,0.3,4,2,5.1,"15","it",30,"0"
"406",1,21,5,0.3,7,1,5.1,"15","it",30,"0"
"407",1,22,0,0.3,2,2,5.5,"15","it",30,"0"
"408",1,23,1,0.12,3,2,9.4,"15","it",30,"0"
"409",1,24,2,0.3,2,2,7.2,"15","it",30,"0"
"410",1,25,0,0.3,1,3,5.5,"15","it",30,"0"
"411",1,26,5,0.3,1,2,5.1,"15","it",30,"0"
"412",1,27,5,0.010187,2,1,5.1,"15","it",30,"0"
"413",1,28,5,0.3,1,2,5.1,"15","it",30,"0"
"414",1,29,0,0.3,5,1,5.5,"15","it",30,"0"
"415",1,30,1,0.3,8,1,9.4,"15","it",30,"0"
"416",1,31,5,0.3,3,1,5.1,"15","it",30,"0"
"417",1,32,5,0.3,4,1,5.1,"15","it",30,"0"
"418",1,33,1,0.3,1,2,9.4,"15","it",30,"0"
"419",1,34,5,0.3,2,2,5.1,"15","it",30,"0"
"420",1,35,1,0,3,2,9.4,"15","it",30,"0"
"421",1,6,1,0,6,2,9.4,"16","ahp",30,"0"
"422",1,7,0,0.3,1,2,5.5,"16","ahp",30,"0"
"423",1,8,5,0.3,1,2,5.1,"16","ahp",30,"0"
"424",1,9,1,0.3,7,1,9.4,"16","ahp",30,"0"
"425",1,10,1,0,6,2,9.4,"16","ahp",30,"0"
"426",1,11,2,0.3,1,1,7.2,"16","ahp",30,"0"
"427",1,12,0,0.3,2,2,5.5,"16","ahp",30,"0"
"428",1,13,1,0,4,2,9.4,"16","ahp",30,"0"
"429",1,14,1,0.3,5,2,9.4,"16","ahp",30,"0"
"430",1,15,5,0.3,2,2,5.1,"16","ahp",30,"0"
"431",1,16,1,0.3,4,1,9.4,"16","ahp",30,"0"
"432",1,17,2,0.060833,1,2,7.2,"16","ahp",30,"0"
"433",1,18,2,0.3,1,2,7.2,"16","ahp",30,"0"
"434",1,19,3,0.3,1,3,4.8,"16","ahp",30,"0"
"435",1,20,1,0.3,2,1,9.4,"16","ahp",30,"0"
"436",1,21,1,0,2,2,9.4,"16","ahp",30,"0"
"437",1,22,1,0,3,2,9.4,"16","ahp",30,"0"
"438",1,23,1,0,4,2,9.4,"16","ahp",30,"0"
"439",1,24,3,0.3,2,3,4.8,"16","ahp",30,"0"
"440",1,25,3,0.3,1,4,4.8,"16","ahp",30,"0"
"441",1,26,1,0,6,2,9.4,"16","ahp",30,"0"
"442",1,27,1,0.18,6,2,9.4,"16","ahp",30,"0"
"443",1,28,4,0.3,1,3,3.9,"16","ahp",30,"0"
"444",1,29,1,0,5,2,9.4,"16","ahp",30,"0"
"445",1,30,4,0.3,1,3,3.9,"16","ahp",30,"0"
"446",1,31,1,0.174545,2,2,9.4,"16","ahp",30,"0"
"447",1,32,1,0.3,1,2,9.4,"16","ahp",30,"0"
"448",1,33,1,0.3,3,1,9.4,"16","ahp",30,"0"
"449",1,34,1,0.3,1,2,9.4,"16","ahp",30,"0"
"450",1,35,2,0.3,5,2,7.2,"16","ahp",30,"0"
"451",1,6,1,0,6,2,9.4,"16","it",30,"0"
"452",1,7,0,0.3,1,2,5.5,"16","it",30,"0"
"453",1,8,0,0.3,2,2,5.5,"16","it",30,"0"
"454",1,9,5,0.3,1,1,5.1,"16","it",30,"0"
"455",1,10,2,0.3,5,2,7.2,"16","it",30,"0"
"456",1,11,0,0.3,3,1,5.5,"16","it",30,"0"
"457",1,12,5,0.3,3,2,5.1,"16","it",30,"0"
"458",1,13,2,0.217136,3,2,7.2,"16","it",30,"0"
"459",1,14,1,0.3,5,2,9.4,"16","it",30,"0"
"460",1,15,5,0.3,2,2,5.1,"16","it",30,"0"
"461",1,16,5,0.3,3,2,5.1,"16","it",30,"0"
"462",1,17,2,0.103095,1,2,7.2,"16","it",30,"0"
"463",1,18,5,0.3,3,2,5.1,"16","it",30,"0"
"464",1,19,2,0.044769,7,2,7.2,"16","it",30,"0"
"465",1,20,1,0.3,2,1,9.4,"16","it",30,"0"
"466",1,21,2,0,3,2,7.2,"16","it",30,"0"
"467",1,22,2,0.3,2,2,7.2,"16","it",30,"0"
"468",1,23,2,0.3,3,2,7.2,"16","it",30,"0"
"469",1,24,2,0,8,2,7.2,"16","it",30,"0"
"470",1,25,1,0.3,1,2,9.4,"16","it",30,"0"
"471",1,26,2,0,5,2,7.2,"16","it",30,"0"
"472",1,27,2,0.3,5,2,7.2,"16","it",30,"0"
"473",1,28,1,0,1,2,9.4,"16","it",30,"0"
"474",1,29,2,0.3,4,2,7.2,"16","it",30,"0"
"475",1,30,1,0,2,2,9.4,"16","it",30,"0"
"476",1,31,1,0.3,2,2,9.4,"16","it",30,"0"
"477",1,32,1,0.3,1,2,9.4,"16","it",30,"0"
"478",1,33,1,0.3,3,1,9.4,"16","it",30,"0"
"479",1,34,1,0.3,1,2,9.4,"16","it",30,"0"
"480",1,35,2,0.3,5,2,7.2,"16","it",30,"0"
"481",1,6,-2,0,0,0,0,"17","ahp",30,"0"
"482",1,7,2,0.3,1,1,7.2,"17","ahp",30,"0"
"483",1,8,5,0.3,1,4,5.1,"17","ahp",30,"0"
"484",1,9,1,0,5,1,9.4,"17","ahp",30,"0"
"485",1,10,3,0,3,4,4.8,"17","ahp",30,"0"
"486",1,11,0,0.3,1,1,5.5,"17","ahp",30,"0"
"487",1,12,1,0,7,1,9.4,"17","ahp",30,"0"
"488",1,13,4,0.027273,2,2,3.9,"17","ahp",30,"0"
"489",1,14,1,0,4,1,9.4,"17","ahp",30,"0"
"490",1,15,2,0.3,1,1,7.2,"17","ahp",30,"0"
"491",1,16,1,0.3,3,1,9.4,"17","ahp",30,"0"
"492",1,17,3,0.3,2,4,4.8,"17","ahp",30,"0"
"493",1,18,-2,0,0,0,0,"17","ahp",30,"0"
"494",1,19,5,0.3,1,4,5.1,"17","ahp",30,"0"
"495",1,20,1,0,6,1,9.4,"17","ahp",30,"0"
"496",1,21,1,0,2,1,9.4,"17","ahp",30,"0"
"497",1,22,4,0.3,3,2,3.9,"17","ahp",30,"0"
"498",1,23,0,0.3,1,3,5.5,"17","ahp",30,"0"
"499",1,24,0,0.3,1,3,5.5,"17","ahp",30,"0"
"500",1,25,5,0.3,2,4,5.1,"17","ahp",30,"0"
"501",1,26,5,0.3,1,4,5.1,"17","ahp",30,"0"
"502",1,27,3,0.3,2,4,4.8,"17","ahp",30,"0"
"503",1,28,1,0.3,1,1,9.4,"17","ahp",30,"0"
"504",1,29,5,0.3,2,2,5.1,"17","ahp",30,"0"
"505",1,30,3,0.3,1,4,4.8,"17","ahp",30,"0"
"506",1,31,1,0,6,1,9.4,"17","ahp",30,"0"
"507",1,32,5,0.3,1,2,5.1,"17","ahp",30,"0"
"508",1,33,3,0,2,4,4.8,"17","ahp",30,"0"
"509",1,34,4,0.3,1,2,3.9,"17","ahp",30,"0"
"510",1,35,5,0.3,2,4,5.1,"17","ahp",30,"0"
"511",1,6,-2,0,0,0,0,"17","it",30,"0"
"512",1,7,5,0.3,2,3,5.1,"17","it",30,"0"
"513",1,8,5,0.3,1,4,5.1,"17","it",30,"0"
"514",1,9,5,0.3,6,1,5.1,"17","it",30,"0"
"515",1,10,0,0,4,3,5.5,"17","it",30,"0"
"516",1,11,1,0.080525,6,1,9.4,"17","it",30,"0"
"517",1,12,0,0.3,4,1,5.5,"17","it",30,"0"
"518",1,13,0,0,5,2,5.5,"17","it",30,"0"
"519",1,14,4,0.3,3,1,3.9,"17","it",30,"0"
"520",1,15,5,0.3,3,3,5.1,"17","it",30,"0"
"521",1,16,0,0.3,3,2,5.5,"17","it",30,"0"
"522",1,17,5,0.3,4,3,5.1,"17","it",30,"0"
"523",1,18,-2,0,0,0,0,"17","it",30,"0"
"524",1,19,5,0.3,1,4,5.1,"17","it",30,"0"
"525",1,20,3,0.3,2,1,4.8,"17","it",30,"0"
"526",1,21,3,0.3,1,1,4.8,"17","it",30,"0"
"527",1,22,0,0,6,2,5.5,"17","it",30,"0"
"528",1,23,5,0.233333,5,3,5.1,"17","it",30,"0"
"529",1,24,5,0.270489,4,3,5.1,"17","it",30,"0"
"530",1,25,5,0.3,2,4,5.1,"17","it",30,"0"
"531",1,26,5,0.3,1,4,5.1,"17","it",30,"0"
"532",1,27,0,0.3,1,3,5.5,"17","it",30,"0"
"533",1,28,2,0.3,4,1,7.2,"17","it",30,"0"
"534",1,29,5,0.3,2,2,5.1,"17","it",30,"0"
"535",1,30,0,0,2,3,5.5,"17","it",30,"0"
"536",1,31,3,0.3,2,1,4.8,"17","it",30,"0"
"537",1,32,5,0.3,1,2,5.1,"17","it",30,"0"
"538",1,33,0,0,3,3,5.5,"17","it",30,"0"
"539",1,34,0,0.3,4,2,5.5,"17","it",30,"0"
"540",1,35,5,0.3,2,4,5.1,"17","it",30,"0"
"541",1,6,0,0.3,1,1,5.5,"18","ahp",30,"0"
"542",1,7,1,0,9,1,9.4,"18","ahp",30,"0"
"543",1,8,1,0,7,1,9.4,"18","ahp",30,"0"
"544",1,9,2,0.3,1,2,7.2,"18","ahp",30,"0"
"545",1,10,1,0,3,1,9.4,"18","ahp",30,"0"
"546",1,11,3,0,2,3,4.8,"18","ahp",30,"0"
"547",1,12,1,0.234552,1,1,9.4,"18","ahp",30,"0"
"548",1,13,1,0,6,1,9.4,"18","ahp",30,"0"
"549",1,14,1,0,7,1,9.4,"18","ahp",30,"0"
"550",1,15,5,0.3,1,2,5.1,"18","ahp",30,"0"
"551",1,16,1,0,5,1,9.4,"18","ahp",30,"0"
"552",1,17,1,0.3,6,1,9.4,"18","ahp",30,"0"
"553",1,18,2,0.3,2,2,7.2,"18","ahp",30,"0"
"554",1,19,5,0,3,2,5.1,"18","ahp",30,"0"
"555",1,20,3,0.3,2,3,4.8,"18","ahp",30,"0"
"556",1,21,1,0,7,1,9.4,"18","ahp",30,"0"
"557",1,22,1,0.257143,6,1,9.4,"18","ahp",30,"0"
"558",1,23,1,0,6,1,9.4,"18","ahp",30,"0"
"559",1,24,3,0.047216,1,3,4.8,"18","ahp",30,"0"
"560",1,25,1,0,5,1,9.4,"18","ahp",30,"0"
"561",1,26,1,0.3,2,1,9.4,"18","ahp",30,"0"
"562",1,27,5,0,3,2,5.1,"18","ahp",30,"0"
"563",1,28,3,0,1,3,4.8,"18","ahp",30,"0"
"564",1,29,4,0.3,2,1,3.9,"18","ahp",30,"0"
"565",1,30,3,0.3,1,2,4.8,"18","ahp",30,"0"
"566",1,31,3,0.3,2,3,4.8,"18","ahp",30,"0"
"567",1,32,5,0.3,1,2,5.1,"18","ahp",30,"0"
"568",1,33,3,0,1,3,4.8,"18","ahp",30,"0"
"569",1,34,1,0.015997,3,1,9.4,"18","ahp",30,"0"
"570",1,35,1,0,8,1,9.4,"18","ahp",30,"0"
"571",1,6,0,0.3,1,1,5.5,"18","it",30,"0"
"572",1,7,3,0.3,5,1,4.8,"18","it",30,"0"
"573",1,8,5,0,6,1,5.1,"18","it",30,"0"
"574",1,9,2,0.3,1,2,7.2,"18","it",30,"0"
"575",1,10,0,0.3,6,1,5.5,"18","it",30,"0"
"576",1,11,5,0,2,2,5.1,"18","it",30,"0"
"577",1,12,5,0,1,2,5.1,"18","it",30,"0"
"578",1,13,1,0,6,1,9.4,"18","it",30,"0"
"579",1,14,3,0.3,3,1,4.8,"18","it",30,"0"
"580",1,15,5,0,1,2,5.1,"18","it",30,"0"
"581",1,16,3,0.276,2,1,4.8,"18","it",30,"0"
"582",1,17,0,0.3,8,1,5.5,"18","it",30,"0"
"583",1,18,2,0.3,2,2,7.2,"18","it",30,"0"
"584",1,19,5,0,3,2,5.1,"18","it",30,"0"
"585",1,20,5,0.3,2,2,5.1,"18","it",30,"0"
"586",1,21,3,0.3,3,1,4.8,"18","it",30,"0"
"587",1,22,3,0.3,6,1,4.8,"18","it",30,"0"
"588",1,23,1,0.3,6,1,9.4,"18","it",30,"0"
"589",1,24,5,0.3,3,2,5.1,"18","it",30,"0"
"590",1,25,5,0,4,1,5.1,"18","it",30,"0"
"591",1,26,5,0.13462,2,2,5.1,"18","it",30,"0"
"592",1,27,5,0,3,2,5.1,"18","it",30,"0"
"593",1,28,5,0,4,2,5.1,"18","it",30,"0"
"594",1,29,3,0.3,4,1,4.8,"18","it",30,"0"
"595",1,30,5,0.3,3,2,5.1,"18","it",30,"0"
"596",1,31,5,0.3,2,2,5.1,"18","it",30,"0"
"597",1,32,5,0,1,2,5.1,"18","it",30,"0"
"598",1,33,5,0,1,2,5.1,"18","it",30,"0"
"599",1,34,0,0.3,2,1,5.5,"18","it",30,"0"
"600",1,35,1,0.257143,8,1,9.4,"18","it",30,"0"
"601",1,6,4,0.12,2,2,3.9,"19","ahp",30,"0"
"602",1,7,2,0.06,2,2,7.2,"19","ahp",30,"0"
"603",1,8,0,0.3,4,2,5.5,"19","ahp",30,"0"
"604",1,9,2,0.3,1,2,7.2,"19","ahp",30,"0"
"605",1,10,3,0.3,1,2,4.8,"19","ahp",30,"0"
"606",1,11,0,0.3,3,2,5.5,"19","ahp",30,"0"
"607",1,12,1,0.24,1,1,9.4,"19","ahp",30,"0"
"608",1,13,4,0.3,2,2,3.9,"19","ahp",30,"0"
"609",1,14,0,0.3,2,2,5.5,"19","ahp",30,"0"
"610",1,15,2,0.3,3,1,7.2,"19","ahp",30,"0"
"611",1,16,1,0,5,1,9.4,"19","ahp",30,"0"
"612",1,17,1,0.3,2,1,9.4,"19","ahp",30,"0"
"613",1,18,3,0.3,2,1,4.8,"19","ahp",30,"0"
"614",1,19,4,0.3,1,2,3.9,"19","ahp",30,"0"
"615",1,20,1,0.3,3,1,9.4,"19","ahp",30,"0"
"616",1,21,5,0.273529,1,4,5.1,"19","ahp",30,"0"
"617",1,22,4,0.3,1,2,3.9,"19","ahp",30,"0"
"618",1,23,1,0,6,1,9.4,"19","ahp",30,"0"
"619",1,24,2,0.3,1,3,7.2,"19","ahp",30,"0"
"620",1,25,1,0.3,6,1,9.4,"19","ahp",30,"0"
"621",1,26,1,0.3,8,1,9.4,"19","ahp",30,"0"
"622",1,27,3,0.3,1,3,4.8,"19","ahp",30,"0"
"623",1,28,5,0.3,1,3,5.1,"19","ahp",30,"0"
"624",1,29,2,0.3,2,2,7.2,"19","ahp",30,"0"
"625",1,30,0,0.3,1,4,5.5,"19","ahp",30,"0"
"626",1,31,2,0.3,2,2,7.2,"19","ahp",30,"0"
"627",1,32,4,0.3,3,2,3.9,"19","ahp",30,"0"
"628",1,33,2,0,3,2,7.2,"19","ahp",30,"0"
"629",1,34,0,0.3,2,2,5.5,"19","ahp",30,"0"
"630",1,35,0,0.3,1,2,5.5,"19","ahp",30,"0"
"631",1,6,0,0,4,2,5.5,"19","it",30,"0"
"632",1,7,2,0.06,2,2,7.2,"19","it",30,"0"
"633",1,8,0,0.073754,4,2,5.5,"19","it",30,"0"
"634",1,9,2,0.3,1,2,7.2,"19","it",30,"0"
"635",1,10,3,0.3,1,2,4.8,"19","it",30,"0"
"636",1,11,0,0.3,3,2,5.5,"19","it",30,"0"
"637",1,12,1,0.3,1,1,9.4,"19","it",30,"0"
"638",1,13,0,0,5,2,5.5,"19","it",30,"0"
"639",1,14,0,0.3,2,2,5.5,"19","it",30,"0"
"640",1,15,3,0.3,3,1,4.8,"19","it",30,"0"
"641",1,16,5,0.3,2,1,5.1,"19","it",30,"0"
"642",1,17,0,0.3,6,2,5.5,"19","it",30,"0"
"643",1,18,5,0.3,7,1,5.1,"19","it",30,"0"
"644",1,19,0,0.026087,5,2,5.5,"19","it",30,"0"
"645",1,20,0,0.3,6,2,5.5,"19","it",30,"0"
"646",1,21,2,0.3,1,3,7.2,"19","it",30,"0"
"647",1,22,0,0,6,2,5.5,"19","it",30,"0"
"648",1,23,1,0.3,6,1,9.4,"19","it",30,"0"
"649",1,24,2,0.3,1,3,7.2,"19","it",30,"0"
"650",1,25,1,0.3,6,1,9.4,"19","it",30,"0"
"651",1,26,5,0.3,7,1,5.1,"19","it",30,"0"
"652",1,27,2,0.3,4,2,7.2,"19","it",30,"0"
"653",1,28,2,0.3,2,3,7.2,"19","it",30,"0"
"654",1,29,2,0.3,2,2,7.2,"19","it",30,"0"
"655",1,30,0,0.3,1,4,5.5,"19","it",30,"0"
"656",1,31,2,0.3,2,2,7.2,"19","it",30,"0"
"657",1,32,0,0.3,4,2,5.5,"19","it",30,"0"
"658",1,33,2,0,3,2,7.2,"19","it",30,"0"
"659",1,34,0,0.3,2,2,5.5,"19","it",30,"0"
"660",1,35,0,0.3,1,2,5.5,"19","it",30,"0"
"661",1,6,1,0,2,1,9.4,"2","ahp",30,"0"
"662",1,7,2,0.3,2,2,7.2,"2","ahp",30,"0"
"663",1,8,2,0.3,1,3,7.2,"2","ahp",30,"0"
"664",1,9,1,0.3,1,1,9.4,"2","ahp",30,"0"
"665",1,10,1,0,5,1,9.4,"2","ahp",30,"0"
"666",1,11,0,0.3,1,2,5.5,"2","ahp",30,"0"
"667",1,12,1,0,2,1,9.4,"2","ahp",30,"0"
"668",1,13,5,0.3,1,2,5.1,"2","ahp",30,"0"
"669",1,14,0,0.3,2,3,5.5,"2","ahp",30,"0"
"670",1,15,1,0,2,1,9.4,"2","ahp",30,"0"
"671",1,16,1,0.157895,4,1,9.4,"2","ahp",30,"0"
"672",1,17,1,0,1,1,9.4,"2","ahp",30,"0"
"673",1,18,0,0.3,3,2,5.5,"2","ahp",30,"0"
"674",1,19,1,0,1,1,9.4,"2","ahp",30,"0"
"675",1,20,1,0,5,1,9.4,"2","ahp",30,"0"
"676",1,21,1,0,4,1,9.4,"2","ahp",30,"0"
"677",1,22,1,0,2,1,9.4,"2","ahp",30,"0"
"678",1,23,4,0.3,1,4,3.9,"2","ahp",30,"0"
"679",1,24,1,0,1,1,9.4,"2","ahp",30,"0"
"680",1,25,1,0.3,3,1,9.4,"2","ahp",30,"0"
"681",1,26,0,0.3,2,3,5.5,"2","ahp",30,"0"
"682",1,27,1,0,4,1,9.4,"2","ahp",30,"0"
"683",1,28,2,0.3,1,3,7.2,"2","ahp",30,"0"
"684",1,29,2,0.3,2,1,7.2,"2","ahp",30,"0"
"685",1,30,0,0.3,1,3,5.5,"2","ahp",30,"0"
"686",1,31,1,0,1,1,9.4,"2","ahp",30,"0"
"687",1,32,1,0,3,1,9.4,"2","ahp",30,"0"
"688",1,33,3,0.3,1,2,4.8,"2","ahp",30,"0"
"689",1,34,1,0,2,1,9.4,"2","ahp",30,"0"
"690",1,35,3,0.3,1,2,4.8,"2","ahp",30,"0"
"691",1,6,5,0.030175,2,1,5.1,"2","it",30,"0"
"692",1,7,2,0.3,2,2,7.2,"2","it",30,"0"
"693",1,8,2,0.3,1,3,7.2,"2","it",30,"0"
"694",1,9,2,0.3,6,1,7.2,"2","it",30,"0"
"695",1,10,0,0.3,1,1,5.5,"2","it",30,"0"
"696",1,11,0,0.3,1,2,5.5,"2","it",30,"0"
"697",1,12,0,0.233333,5,1,5.5,"2","it",30,"0"
"698",1,13,5,0,1,2,5.1,"2","it",30,"0"
"699",1,14,0,0.3,2,3,5.5,"2","it",30,"0"
"700",1,15,1,0.3,2,1,9.4,"2","it",30,"0"
"701",1,16,5,0.3,2,1,5.1,"2","it",30,"0"
"702",1,17,5,0.3,2,2,5.1,"2","it",30,"0"
"703",1,18,0,0.3,3,2,5.5,"2","it",30,"0"
"704",1,19,1,0.3,1,1,9.4,"2","it",30,"0"
"705",1,20,2,0.096499,5,1,7.2,"2","it",30,"0"
"706",1,21,5,0,3,1,5.1,"2","it",30,"0"
"707",1,22,0,0.3,4,1,5.5,"2","it",30,"0"
"708",1,23,2,0.3,1,3,7.2,"2","it",30,"0"
"709",1,24,1,0.098061,1,1,9.4,"2","it",30,"0"
"710",1,25,2,0.3,6,1,7.2,"2","it",30,"0"
"711",1,26,0,0.3,2,3,5.5,"2","it",30,"0"
"712",1,27,2,0.3,5,1,7.2,"2","it",30,"0"
"713",1,28,2,0.3,1,3,7.2,"2","it",30,"0"
"714",1,29,2,0.3,2,1,7.2,"2","it",30,"0"
"715",1,30,0,0.3,1,3,5.5,"2","it",30,"0"
"716",1,31,1,0.3,1,1,9.4,"2","it",30,"0"
"717",1,32,2,0.3,4,1,7.2,"2","it",30,"0"
"718",1,33,0,0.3,3,2,5.5,"2","it",30,"0"
"719",1,34,0,0.3,7,1,5.5,"2","it",30,"0"
"720",1,35,0,0.3,2,2,5.5,"2","it",30,"0"
"721",1,6,1,0,1,4,9.4,"20","ahp",30,"0"
"722",1,7,1,0.3,3,1,9.4,"20","ahp",30,"0"
"723",1,8,3,0.3,2,3,4.8,"20","ahp",30,"0"
"724",1,9,1,0.3,3,1,9.4,"20","ahp",30,"0"
"725",1,10,1,0,4,1,9.4,"20","ahp",30,"0"
"726",1,11,2,0.3,2,2,7.2,"20","ahp",30,"0"
"727",1,12,2,0.3,2,2,7.2,"20","ahp",30,"0"
"728",1,13,2,0.3,3,2,7.2,"20","ahp",30,"0"
"729",1,14,1,0,3,1,9.4,"20","ahp",30,"0"
"730",1,15,1,0,4,3,9.4,"20","ahp",30,"0"
"731",1,16,1,0,5,3,9.4,"20","ahp",30,"0"
"732",1,17,2,0.3,1,1,7.2,"20","ahp",30,"0"
"733",1,18,1,0.3,2,2,9.4,"20","ahp",30,"0"
"734",1,19,1,0.3,5,1,9.4,"20","ahp",30,"0"
"735",1,20,5,0.3,1,2,5.1,"20","ahp",30,"0"
"736",1,21,2,0.3,1,2,7.2,"20","ahp",30,"0"
"737",1,22,3,0.3,1,3,4.8,"20","ahp",30,"0"
"738",1,23,0,0.3,3,2,5.5,"20","ahp",30,"0"
"739",1,24,1,0.3,2,3,9.4,"20","ahp",30,"0"
"740",1,25,2,0.3,1,2,7.2,"20","ahp",30,"0"
"741",1,26,1,0,2,1,9.4,"20","ahp",30,"0"
"742",1,27,1,0.3,4,1,9.4,"20","ahp",30,"0"
"743",1,28,1,0,3,3,9.4,"20","ahp",30,"0"
"744",1,29,1,0.3,3,3,9.4,"20","ahp",30,"0"
"745",1,30,1,0.3,1,4,9.4,"20","ahp",30,"0"
"746",1,31,1,0.3,6,3,9.4,"20","ahp",30,"0"
"747",1,32,1,0.097596,2,1,9.4,"20","ahp",30,"0"
"748",1,33,1,0,7,3,9.4,"20","ahp",30,"0"
"749",1,34,1,0.3,1,1,9.4,"20","ahp",30,"0"
"750",1,35,3,0.3,1,4,4.8,"20","ahp",30,"0"
"751",1,6,1,0.279231,1,4,9.4,"20","it",30,"0"
"752",1,7,1,0.3,3,1,9.4,"20","it",30,"0"
"753",1,8,5,0.3,2,2,5.1,"20","it",30,"0"
"754",1,9,0,0.3,7,2,5.5,"20","it",30,"0"
"755",1,10,0,0.3,5,1,5.5,"20","it",30,"0"
"756",1,11,0,0.3,6,2,5.5,"20","it",30,"0"
"757",1,12,0,0.3,5,2,5.5,"20","it",30,"0"
"758",1,13,5,0.3,2,2,5.1,"20","it",30,"0"
"759",1,14,5,0.3,6,1,5.1,"20","it",30,"0"
"760",1,15,1,0.3,4,3,9.4,"20","it",30,"0"
"761",1,16,5,0.3,6,2,5.1,"20","it",30,"0"
"762",1,17,2,0.3,1,1,7.2,"20","it",30,"0"
"763",1,18,1,0.3,2,2,9.4,"20","it",30,"0"
"764",1,19,1,0.3,5,1,9.4,"20","it",30,"0"
"765",1,20,5,0.3,1,2,5.1,"20","it",30,"0"
"766",1,21,5,0.3,3,2,5.1,"20","it",30,"0"
"767",1,22,2,0.3,3,2,7.2,"20","it",30,"0"
"768",1,23,0,0.3,3,2,5.5,"20","it",30,"0"
"769",1,24,1,0.3,2,3,9.4,"20","it",30,"0"
"770",1,25,0,0.3,6,2,5.5,"20","it",30,"0"
"771",1,26,1,0.3,2,1,9.4,"20","it",30,"0"
"772",1,27,2,0.3,8,1,7.2,"20","it",30,"0"
"773",1,28,1,0.3,3,3,9.4,"20","it",30,"0"
"774",1,29,0,0.3,5,2,5.5,"20","it",30,"0"
"775",1,30,1,0.3,1,4,9.4,"20","it",30,"0"
"776",1,31,5,0.3,5,2,5.1,"20","it",30,"0"
"777",1,32,0,0.3,8,2,5.5,"20","it",30,"0"
"778",1,33,0,0.3,1,2,5.5,"20","it",30,"0"
"779",1,34,2,0.3,5,1,7.2,"20","it",30,"0"
"780",1,35,5,0.3,1,2,5.1,"20","it",30,"0"
"781",1,6,1,0,1,3,9.4,"3","ahp",30,"0"
"782",1,7,1,0,3,1,9.4,"3","ahp",30,"0"
"783",1,8,5,0.3,1,2,5.1,"3","ahp",30,"0"
"784",1,9,0,0.3,1,1,5.5,"3","ahp",30,"0"
"785",1,10,0,0.3,1,4,5.5,"3","ahp",30,"0"
"786",1,11,1,0,1,2,9.4,"3","ahp",30,"0"
"787",1,12,0,0.3,1,4,5.5,"3","ahp",30,"0"
"788",1,13,1,0,2,1,9.4,"3","ahp",30,"0"
"789",1,14,2,0.3,1,1,7.2,"3","ahp",30,"0"
"790",1,15,1,0.3,5,2,9.4,"3","ahp",30,"0"
"791",1,16,1,0,2,3,9.4,"3","ahp",30,"0"
"792",1,17,5,0.3,1,1,5.1,"3","ahp",30,"0"
"793",1,18,1,0,1,2,9.4,"3","ahp",30,"0"
"794",1,19,1,0.3,3,2,9.4,"3","ahp",30,"0"
"795",1,20,2,0.3,2,1,7.2,"3","ahp",30,"0"
"796",1,21,1,0,3,3,9.4,"3","ahp",30,"0"
"797",1,22,1,0,1,3,9.4,"3","ahp",30,"0"
"798",1,23,1,0,4,1,9.4,"3","ahp",30,"0"
"799",1,24,2,0.3,1,1,7.2,"3","ahp",30,"0"
"800",1,25,1,0,2,1,9.4,"3","ahp",30,"0"
"801",1,26,1,0,4,1,9.4,"3","ahp",30,"0"
"802",1,27,1,0.3,5,1,9.4,"3","ahp",30,"0"
"803",1,28,1,0.3,1,2,9.4,"3","ahp",30,"0"
"804",1,29,1,0.3,5,1,9.4,"3","ahp",30,"0"
"805",1,30,1,0,4,3,9.4,"3","ahp",30,"0"
"806",1,31,1,0,1,2,9.4,"3","ahp",30,"0"
"807",1,32,1,0,3,2,9.4,"3","ahp",30,"0"
"808",1,33,1,0.273787,2,2,9.4,"3","ahp",30,"0"
"809",1,34,1,0,3,2,9.4,"3","ahp",30,"0"
"810",1,35,2,0.3,1,1,7.2,"3","ahp",30,"0"
"811",1,6,0,0,7,2,5.5,"3","it",30,"0"
"812",1,7,4,0.3,3,1,3.9,"3","it",30,"0"
"813",1,8,0,0.3,3,2,5.5,"3","it",30,"0"
"814",1,9,0,0.3,1,1,5.5,"3","it",30,"0"
"815",1,10,5,0.3,1,2,5.1,"3","it",30,"0"
"816",1,11,1,0.3,1,2,9.4,"3","it",30,"0"
"817",1,12,0,0.3,1,4,5.5,"3","it",30,"0"
"818",1,13,5,0.135691,4,1,5.1,"3","it",30,"0"
"819",1,14,2,0.3,1,1,7.2,"3","it",30,"0"
"820",1,15,5,0.3,2,2,5.1,"3","it",30,"0"
"821",1,16,1,0.3,2,3,9.4,"3","it",30,"0"
"822",1,17,0,0.3,2,1,5.5,"3","it",30,"0"
"823",1,18,1,0.025245,1,2,9.4,"3","it",30,"0"
"824",1,19,1,0.3,3,2,9.4,"3","it",30,"0"
"825",1,20,0,0.3,4,1,5.5,"3","it",30,"0"
"826",1,21,0,0.3,3,2,5.5,"3","it",30,"0"
"827",1,22,1,0.3,1,3,9.4,"3","it",30,"0"
"828",1,23,2,0.003125,7,1,7.2,"3","it",30,"0"
"829",1,24,5,0.3,6,1,5.1,"3","it",30,"0"
"830",1,25,1,0.3,2,1,9.4,"3","it",30,"0"
"831",1,26,2,0.3,7,1,7.2,"3","it",30,"0"
"832",1,27,2,0.3,7,1,7.2,"3","it",30,"0"
"833",1,28,0,0.3,7,2,5.5,"3","it",30,"0"
"834",1,29,2,0.3,3,1,7.2,"3","it",30,"0"
"835",1,30,0,0.3,2,2,5.5,"3","it",30,"0"
"836",1,31,0,0.3,6,2,5.5,"3","it",30,"0"
"837",1,32,0,0.3,3,2,5.5,"3","it",30,"0"
"838",1,33,1,0.3,2,2,9.4,"3","it",30,"0"
"839",1,34,1,0,3,2,9.4,"3","it",30,"0"
"840",1,35,0,0.3,5,1,5.5,"3","it",30,"0"
"841",1,6,1,0,4,1,9.4,"4","ahp",30,"0"
"842",1,7,1,0.122091,1,1,9.4,"4","ahp",30,"0"
"843",1,8,1,0,5,1,9.4,"4","ahp",30,"0"
"844",1,9,1,0,7,1,9.4,"4","ahp",30,"0"
"845",1,10,1,0.3,1,1,9.4,"4","ahp",30,"0"
"846",1,11,1,0,6,1,9.4,"4","ahp",30,"0"
"847",1,12,1,0.3,5,1,9.4,"4","ahp",30,"0"
"848",1,13,2,0.3,2,3,7.2,"4","ahp",30,"0"
"849",1,14,2,0.3,1,3,7.2,"4","ahp",30,"0"
"850",1,15,1,0,2,1,9.4,"4","ahp",30,"0"
"851",1,16,4,0.3,1,1,3.9,"4","ahp",30,"0"
"852",1,17,1,0,6,1,9.4,"4","ahp",30,"0"
"853",1,18,1,0.3,5,1,9.4,"4","ahp",30,"0"
"854",1,19,2,0.3,2,3,7.2,"4","ahp",30,"0"
"855",1,20,1,0,5,1,9.4,"4","ahp",30,"0"
"856",1,21,1,0,2,1,9.4,"4","ahp",30,"0"
"857",1,22,2,0.233333,5,1,7.2,"4","ahp",30,"0"
"858",1,23,2,0.3,2,1,7.2,"4","ahp",30,"0"
"859",1,24,2,0.3,1,3,7.2,"4","ahp",30,"0"
"860",1,25,2,0.3,2,2,7.2,"4","ahp",30,"0"
"861",1,26,2,0.044134,1,3,7.2,"4","ahp",30,"0"
"862",1,27,1,0,5,1,9.4,"4","ahp",30,"0"
"863",1,28,1,0.3,2,1,9.4,"4","ahp",30,"0"
"864",1,29,2,0.3,7,2,7.2,"4","ahp",30,"0"
"865",1,30,1,0.3,2,1,9.4,"4","ahp",30,"0"
"866",1,31,2,0.3,3,1,7.2,"4","ahp",30,"0"
"867",1,32,0,0.3,1,2,5.5,"4","ahp",30,"0"
"868",1,33,4,0.3,2,1,3.9,"4","ahp",30,"0"
"869",1,34,1,0,3,1,9.4,"4","ahp",30,"0"
"870",1,35,1,0.3,6,1,9.4,"4","ahp",30,"0"
"871",1,6,2,0.181433,2,1,7.2,"4","it",30,"0"
"872",1,7,5,0.3,1,1,5.1,"4","it",30,"0"
"873",1,8,5,0,5,1,5.1,"4","it",30,"0"
"874",1,9,0,0,9,2,5.5,"4","it",30,"0"
"875",1,10,5,0.3,1,1,5.1,"4","it",30,"0"
"876",1,11,0,0,8,2,5.5,"4","it",30,"0"
"877",1,12,0,0.3,7,2,5.5,"4","it",30,"0"
"878",1,13,0,0.3,3,3,5.5,"4","it",30,"0"
"879",1,14,2,0.3,1,3,7.2,"4","it",30,"0"
"880",1,15,0,0.3,3,2,5.5,"4","it",30,"0"
"881",1,16,1,0.3,3,1,9.4,"4","it",30,"0"
"882",1,17,0,0,7,2,5.5,"4","it",30,"0"
"883",1,18,0,0.3,6,2,5.5,"4","it",30,"0"
"884",1,19,2,0.3,2,3,7.2,"4","it",30,"0"
"885",1,20,5,0,5,1,5.1,"4","it",30,"0"
"886",1,21,2,0,5,2,7.2,"4","it",30,"0"
"887",1,22,0,0.233333,5,1,5.5,"4","it",30,"0"
"888",1,23,5,0.3,5,1,5.1,"4","it",30,"0"
"889",1,24,2,0.3,1,3,7.2,"4","it",30,"0"
"890",1,25,2,0.3,2,2,7.2,"4","it",30,"0"
"891",1,26,2,0.3,1,3,7.2,"4","it",30,"0"
"892",1,27,5,0.3,5,1,5.1,"4","it",30,"0"
"893",1,28,5,0.3,2,1,5.1,"4","it",30,"0"
"894",1,29,0,0.117481,6,2,5.5,"4","it",30,"0"
"895",1,30,0,0.3,2,2,5.5,"4","it",30,"0"
"896",1,31,0,0.3,5,2,5.5,"4","it",30,"0"
"897",1,32,0,0.3,1,2,5.5,"4","it",30,"0"
"898",1,33,2,0,6,2,7.2,"4","it",30,"0"
"899",1,34,2,0,5,2,7.2,"4","it",30,"0"
"900",1,35,2,0.3,5,1,7.2,"4","it",30,"0"
"901",1,6,1,0,5,1,9.4,"5","ahp",30,"0"
"902",1,7,1,0,1,1,9.4,"5","ahp",30,"0"
"903",1,8,2,0,1,3,7.2,"5","ahp",30,"0"
"904",1,9,1,0,2,1,9.4,"5","ahp",30,"0"
"905",1,10,3,0.3,1,4,4.8,"5","ahp",30,"0"
"906",1,11,1,0.004207,3,1,9.4,"5","ahp",30,"0"
"907",1,12,3,0.3,2,3,4.8,"5","ahp",30,"0"
"908",1,13,1,0,2,1,9.4,"5","ahp",30,"0"
"909",1,14,2,0.3,5,2,7.2,"5","ahp",30,"0"
"910",1,15,1,0.3,6,1,9.4,"5","ahp",30,"0"
"911",1,16,3,0.3,1,2,4.8,"5","ahp",30,"0"
"912",1,17,1,0,4,1,9.4,"5","ahp",30,"0"
"913",1,18,2,0.3,1,2,7.2,"5","ahp",30,"0"
"914",1,19,2,0.3,2,3,7.2,"5","ahp",30,"0"
"915",1,20,2,0.3,3,2,7.2,"5","ahp",30,"0"
"916",1,21,2,0,2,3,7.2,"5","ahp",30,"0"
"917",1,22,1,0,1,1,9.4,"5","ahp",30,"0"
"918",1,23,3,0.3,2,2,4.8,"5","ahp",30,"0"
"919",1,24,2,0,2,2,7.2,"5","ahp",30,"0"
"920",1,25,1,0.3,3,1,9.4,"5","ahp",30,"0"
"921",1,26,2,0,1,2,7.2,"5","ahp",30,"0"
"922",1,27,3,0.3,1,3,4.8,"5","ahp",30,"0"
"923",1,28,1,0,1,1,9.4,"5","ahp",30,"0"
"924",1,29,0,0.3,1,2,5.5,"5","ahp",30,"0"
"925",1,30,5,0.3,2,2,5.1,"5","ahp",30,"0"
"926",1,31,3,0.3,1,2,4.8,"5","ahp",30,"0"
"927",1,32,5,0.3,1,2,5.1,"5","ahp",30,"0"
"928",1,33,0,0.3,1,1,5.5,"5","ahp",30,"0"
"929",1,34,2,0.074721,1,2,7.2,"5","ahp",30,"0"
"930",1,35,3,0.3,2,2,4.8,"5","ahp",30,"0"
"931",1,6,5,0.112424,1,1,5.1,"5","it",30,"0"
"932",1,7,1,0.3,1,1,9.4,"5","it",30,"0"
"933",1,8,2,0,1,3,7.2,"5","it",30,"0"
"934",1,9,5,0.3,7,1,5.1,"5","it",30,"0"
"935",1,10,5,0,4,2,5.1,"5","it",30,"0"
"936",1,11,0,0.3,4,2,5.5,"5","it",30,"0"
"937",1,12,0,0.3,3,2,5.5,"5","it",30,"0"
"938",1,13,0,0.109091,3,2,5.5,"5","it",30,"0"
"939",1,14,2,0.3,5,2,7.2,"5","it",30,"0"
"940",1,15,5,0.3,1,1,5.1,"5","it",30,"0"
"941",1,16,2,0.3,6,2,7.2,"5","it",30,"0"
"942",1,17,2,0,7,2,7.2,"5","it",30,"0"
"943",1,18,2,0.3,1,2,7.2,"5","it",30,"0"
"944",1,19,2,0.3,2,3,7.2,"5","it",30,"0"
"945",1,20,2,0.3,3,2,7.2,"5","it",30,"0"
"946",1,21,2,0,2,3,7.2,"5","it",30,"0"
"947",1,22,0,0.3,4,1,5.5,"5","it",30,"0"
"948",1,23,5,0.3,5,2,5.1,"5","it",30,"0"
"949",1,24,5,0.3,2,2,5.1,"5","it",30,"0"
"950",1,25,0,0.3,2,2,5.5,"5","it",30,"0"
"951",1,26,5,0.082609,3,2,5.1,"5","it",30,"0"
"952",1,27,2,0,2,2,7.2,"5","it",30,"0"
"953",1,28,3,0.3,2,1,4.8,"5","it",30,"0"
"954",1,29,0,0.3,1,2,5.5,"5","it",30,"0"
"955",1,30,5,0,2,2,5.1,"5","it",30,"0"
"956",1,31,5,0,3,2,5.1,"5","it",30,"0"
"957",1,32,5,0.3,1,2,5.1,"5","it",30,"0"
"958",1,33,0,0.3,1,1,5.5,"5","it",30,"0"
"959",1,34,2,0.074721,1,2,7.2,"5","it",30,"0"
"960",1,35,5,0.3,5,2,5.1,"5","it",30,"0"
"961",1,6,1,0,4,2,9.4,"6","ahp",30,"0"
"962",1,7,1,0.3,2,1,9.4,"6","ahp",30,"0"
"963",1,8,1,0.3,1,4,9.4,"6","ahp",30,"0"
"964",1,9,3,0.3,2,2,4.8,"6","ahp",30,"0"
"965",1,10,2,0.3,2,1,7.2,"6","ahp",30,"0"
"966",1,11,3,0.3,1,3,4.8,"6","ahp",30,"0"
"967",1,12,1,0,3,2,9.4,"6","ahp",30,"0"
"968",1,13,5,0.3,1,3,5.1,"6","ahp",30,"0"
"969",1,14,1,0.3,4,2,9.4,"6","ahp",30,"0"
"970",1,15,1,0.3,3,2,9.4,"6","ahp",30,"0"
"971",1,16,1,0.2,6,1,9.4,"6","ahp",30,"0"
"972",1,17,3,0.3,2,2,4.8,"6","ahp",30,"0"
"973",1,18,2,0.3,3,1,7.2,"6","ahp",30,"0"
"974",1,19,5,0.3,3,3,5.1,"6","ahp",30,"0"
"975",1,20,3,0.3,1,2,4.8,"6","ahp",30,"0"
"976",1,21,1,0.3,4,1,9.4,"6","ahp",30,"0"
"977",1,22,1,0.3,2,4,9.4,"6","ahp",30,"0"
"978",1,23,1,0.3,5,2,9.4,"6","ahp",30,"0"
"979",1,24,5,0.3,1,3,5.1,"6","ahp",30,"0"
"980",1,25,5,0.3,2,2,5.1,"6","ahp",30,"0"
"981",1,26,3,0.3,2,2,4.8,"6","ahp",30,"0"
"982",1,27,2,0.3,1,1,7.2,"6","ahp",30,"0"
"983",1,28,1,0,3,1,9.4,"6","ahp",30,"0"
"984",1,29,1,0,4,1,9.4,"6","ahp",30,"0"
"985",1,30,1,0.3,6,1,9.4,"6","ahp",30,"0"
"986",1,31,1,0.207692,3,2,9.4,"6","ahp",30,"0"
"987",1,32,5,0.123529,2,3,5.1,"6","ahp",30,"0"
"988",1,33,3,0.3,1,2,4.8,"6","ahp",30,"0"
"989",1,34,1,0.3,1,4,9.4,"6","ahp",30,"0"
"990",1,35,2,0.3,2,1,7.2,"6","ahp",30,"0"
"991",1,6,0,0.021454,2,2,5.5,"6","it",30,"0"
"992",1,7,2,0.3,8,1,7.2,"6","it",30,"0"
"993",1,8,1,0.3,1,4,9.4,"6","it",30,"0"
"994",1,9,5,0.247059,3,2,5.1,"6","it",30,"0"
"995",1,10,5,0.3,4,1,5.1,"6","it",30,"0"
"996",1,11,0,0.3,7,2,5.5,"6","it",30,"0"
"997",1,12,0,0,1,2,5.5,"6","it",30,"0"
"998",1,13,5,0.3,1,3,5.1,"6","it",30,"0"
"999",1,14,5,0.3,4,2,5.1,"6","it",30,"0"
"1000",1,15,0,0.3,1,2,5.5,"6","it",30,"0"
"1001",1,16,1,0.3,6,1,9.4,"6","it",30,"0"
"1002",1,17,5,0.123529,4,2,5.1,"6","it",30,"0"
"1003",1,18,2,0.3,3,1,7.2,"6","it",30,"0"
"1004",1,19,0,0.3,4,2,5.5,"6","it",30,"0"
"1005",1,20,0,0,5,2,5.5,"6","it",30,"0"
"1006",1,21,5,0.3,4,2,5.1,"6","it",30,"0"
"1007",1,22,0,0.3,4,4,5.5,"6","it",30,"0"
"1008",1,23,1,0.3,5,2,9.4,"6","it",30,"0"
"1009",1,24,5,0.3,1,3,5.1,"6","it",30,"0"
"1010",1,25,5,0.3,2,2,5.1,"6","it",30,"0"
"1011",1,26,5,0,3,2,5.1,"6","it",30,"0"
"1012",1,27,2,0.3,1,1,7.2,"6","it",30,"0"
"1013",1,28,5,0,5,2,5.1,"6","it",30,"0"
"1014",1,29,3,0.3,6,1,4.8,"6","it",30,"0"
"1015",1,30,1,0.3,6,1,9.4,"6","it",30,"0"
"1016",1,31,0,0.3,1,2,5.5,"6","it",30,"0"
"1017",1,32,0,0,4,2,5.5,"6","it",30,"0"
"1018",1,33,5,0,2,2,5.1,"6","it",30,"0"
"1019",1,34,1,0.3,1,4,9.4,"6","it",30,"0"
"1020",1,35,2,0.3,2,1,7.2,"6","it",30,"0"
"1021",1,6,2,0.3,2,2,7.2,"7","ahp",30,"0"
"1022",1,7,3,0.142328,3,3,4.8,"7","ahp",30,"0"
"1023",1,8,1,0,5,1,9.4,"7","ahp",30,"0"
"1024",1,9,3,0.3,2,3,4.8,"7","ahp",30,"0"
"1025",1,10,1,0.3,3,1,9.4,"7","ahp",30,"0"
"1026",1,11,1,0.3,7,1,9.4,"7","ahp",30,"0"
"1027",1,12,1,0,6,1,9.4,"7","ahp",30,"0"
"1028",1,13,2,0.3,5,2,7.2,"7","ahp",30,"0"
"1029",1,14,2,0,3,2,7.2,"7","ahp",30,"0"
"1030",1,15,1,0,3,1,9.4,"7","ahp",30,"0"
"1031",1,16,2,0.3,3,2,7.2,"7","ahp",30,"0"
"1032",1,17,1,0.12,5,1,9.4,"7","ahp",30,"0"
"1033",1,18,1,0.061712,2,1,9.4,"7","ahp",30,"0"
"1034",1,19,2,0,2,2,7.2,"7","ahp",30,"0"
"1035",1,20,2,0.067528,1,3,7.2,"7","ahp",30,"0"
"1036",1,21,1,0.3,3,1,9.4,"7","ahp",30,"0"
"1037",1,22,2,0.3,2,2,7.2,"7","ahp",30,"0"
"1038",1,23,5,0.109091,6,1,5.1,"7","ahp",30,"0"
"1039",1,24,5,0.3,1,3,5.1,"7","ahp",30,"0"
"1040",1,25,3,0.057672,2,3,4.8,"7","ahp",30,"0"
"1041",1,26,1,0.3,9,1,9.4,"7","ahp",30,"0"
"1042",1,27,2,0.3,1,3,7.2,"7","ahp",30,"0"
"1043",1,28,1,0.3,1,1,9.4,"7","ahp",30,"0"
"1044",1,29,1,0,4,1,9.4,"7","ahp",30,"0"
"1045",1,30,3,0.3,4,3,4.8,"7","ahp",30,"0"
"1046",1,31,1,0,1,1,9.4,"7","ahp",30,"0"
"1047",1,32,2,0,2,3,7.2,"7","ahp",30,"0"
"1048",1,33,3,0.3,1,3,4.8,"7","ahp",30,"0"
"1049",1,34,2,0.3,4,2,7.2,"7","ahp",30,"0"
"1050",1,35,2,0.3,3,1,7.2,"7","ahp",30,"0"
"1051",1,6,5,0.3,2,2,5.1,"7","it",30,"0"
"1052",1,7,0,0,4,3,5.5,"7","it",30,"0"
"1053",1,8,0,0,6,2,5.5,"7","it",30,"0"
"1054",1,9,0,0,3,3,5.5,"7","it",30,"0"
"1055",1,10,0,0.3,4,3,5.5,"7","it",30,"0"
"1056",1,11,5,0.3,5,1,5.1,"7","it",30,"0"
"1057",1,12,1,0.3,6,1,9.4,"7","it",30,"0"
"1058",1,13,5,0.042629,4,2,5.1,"7","it",30,"0"
"1059",1,14,2,0,3,2,7.2,"7","it",30,"0"
"1060",1,15,0,0,4,3,5.5,"7","it",30,"0"
"1061",1,16,2,0.3,3,2,7.2,"7","it",30,"0"
"1062",1,17,0,0.3,6,2,5.5,"7","it",30,"0"
"1063",1,18,5,0.058211,5,2,5.1,"7","it",30,"0"
"1064",1,19,5,0,3,2,5.1,"7","it",30,"0"
"1065",1,20,5,0,2,3,5.1,"7","it",30,"0"
"1066",1,21,5,0.3,6,1,5.1,"7","it",30,"0"
"1067",1,22,2,0.3,2,2,7.2,"7","it",30,"0"
"1068",1,23,1,0.109567,7,1,9.4,"7","it",30,"0"
"1069",1,24,5,0.3,1,3,5.1,"7","it",30,"0"
"1070",1,25,0,0,3,3,5.5,"7","it",30,"0"
"1071",1,26,5,0.3,4,1,5.1,"7","it",30,"0"
"1072",1,27,2,0.3,1,3,7.2,"7","it",30,"0"
"1073",1,28,2,0.3,3,2,7.2,"7","it",30,"0"
"1074",1,29,0,0,5,2,5.5,"7","it",30,"0"
"1075",1,30,0,0.2,5,3,5.5,"7","it",30,"0"
"1076",1,31,0,0.3,3,1,5.5,"7","it",30,"0"
"1077",1,32,5,0,3,3,5.1,"7","it",30,"0"
"1078",1,33,0,0.3,2,3,5.5,"7","it",30,"0"
"1079",1,34,5,0.3,3,2,5.1,"7","it",30,"0"
"1080",1,35,0,0.3,6,1,5.5,"7","it",30,"0"
"1081",1,6,2,0.3,4,2,7.2,"8","ahp",30,"0"
"1082",1,7,2,0.3,1,2,7.2,"8","ahp",30,"0"
"1083",1,8,2,0.3,1,2,7.2,"8","ahp",30,"0"
"1084",1,9,3,0.3,1,2,4.8,"8","ahp",30,"0"
"1085",1,10,2,0.3,5,2,7.2,"8","ahp",30,"0"
"1086",1,11,1,0.210519,1,2,9.4,"8","ahp",30,"0"
"1087",1,12,2,0.3,3,2,7.2,"8","ahp",30,"0"
"1088",1,13,1,0,3,1,9.4,"8","ahp",30,"0"
"1089",1,14,5,0.3,1,2,5.1,"8","ahp",30,"0"
"1090",1,15,2,0.3,6,2,7.2,"8","ahp",30,"0"
"1091",1,16,1,0,1,1,9.4,"8","ahp",30,"0"
"1092",1,17,2,0.3,3,2,7.2,"8","ahp",30,"0"
"1093",1,18,1,0.3,1,1,9.4,"8","ahp",30,"0"
"1094",1,19,1,0,3,1,9.4,"8","ahp",30,"0"
"1095",1,20,1,0,2,1,9.4,"8","ahp",30,"0"
"1096",1,21,0,0.3,1,3,5.5,"8","ahp",30,"0"
"1097",1,22,1,0,5,1,9.4,"8","ahp",30,"0"
"1098",1,23,5,0,4,2,5.1,"8","ahp",30,"0"
"1099",1,24,1,0.3,4,1,9.4,"8","ahp",30,"0"
"1100",1,25,1,0.3,2,1,9.4,"8","ahp",30,"0"
"1101",1,26,1,0,4,1,9.4,"8","ahp",30,"0"
"1102",1,27,5,0.054545,3,2,5.1,"8","ahp",30,"0"
"1103",1,28,1,0,4,1,9.4,"8","ahp",30,"0"
"1104",1,29,2,0.3,2,2,7.2,"8","ahp",30,"0"
"1105",1,30,5,0,2,2,5.1,"8","ahp",30,"0"
"1106",1,31,1,0,4,1,9.4,"8","ahp",30,"0"
"1107",1,32,5,0.3,4,2,5.1,"8","ahp",30,"0"
"1108",1,33,3,0.3,1,1,4.8,"8","ahp",30,"0"
"1109",1,34,1,0,3,1,9.4,"8","ahp",30,"0"
"1110",1,35,2,0.3,1,2,7.2,"8","ahp",30,"0"
"1111",1,6,5,0,7,2,5.1,"8","it",30,"0"
"1112",1,7,2,0.3,1,2,7.2,"8","it",30,"0"
"1113",1,8,2,0.3,1,2,7.2,"8","it",30,"0"
"1114",1,9,3,0.3,1,2,4.8,"8","it",30,"0"
"1115",1,10,2,0.3,5,2,7.2,"8","it",30,"0"
"1116",1,11,1,0.3,1,2,9.4,"8","it",30,"0"
"1117",1,12,2,0.3,3,2,7.2,"8","it",30,"0"
"1118",1,13,3,0.3,2,1,4.8,"8","it",30,"0"
"1119",1,14,5,0.12555,1,2,5.1,"8","it",30,"0"
"1120",1,15,2,0,6,2,7.2,"8","it",30,"0"
"1121",1,16,2,0.3,4,1,7.2,"8","it",30,"0"
"1122",1,17,2,0.3,3,2,7.2,"8","it",30,"0"
"1123",1,18,5,0.3,5,1,5.1,"8","it",30,"0"
"1124",1,19,0,0.3,3,1,5.5,"8","it",30,"0"
"1125",1,20,5,0.3,5,1,5.1,"8","it",30,"0"
"1126",1,21,0,0.3,1,3,5.5,"8","it",30,"0"
"1127",1,22,5,0,8,2,5.1,"8","it",30,"0"
"1128",1,23,5,0,4,2,5.1,"8","it",30,"0"
"1129",1,24,2,0.3,7,2,7.2,"8","it",30,"0"
"1130",1,25,1,0.3,2,1,9.4,"8","it",30,"0"
"1131",1,26,2,0.207692,5,2,7.2,"8","it",30,"0"
"1132",1,27,5,0,3,2,5.1,"8","it",30,"0"
"1133",1,28,2,0.3,5,2,7.2,"8","it",30,"0"
"1134",1,29,2,0.3,2,2,7.2,"8","it",30,"0"
"1135",1,30,5,0,2,2,5.1,"8","it",30,"0"
"1136",1,31,3,0.3,3,1,4.8,"8","it",30,"0"
"1137",1,32,5,0.3,4,2,5.1,"8","it",30,"0"
"1138",1,33,0,0.210519,3,1,5.5,"8","it",30,"0"
"1139",1,34,2,0,6,2,7.2,"8","it",30,"0"
"1140",1,35,5,0.3,2,2,5.1,"8","it",30,"0"
"1141",1,6,1,0.3,1,1,9.4,"9","ahp",30,"0"
"1142",1,7,2,0.3,2,1,7.2,"9","ahp",30,"0"
"1143",1,8,2,0.3,1,1,7.2,"9","ahp",30,"0"
"1144",1,9,1,0.079426,5,1,9.4,"9","ahp",30,"0"
"1145",1,10,4,0.3,1,3,3.9,"9","ahp",30,"0"
"1146",1,11,0,0.29147,1,2,5.5,"9","ahp",30,"0"
"1147",1,12,2,0.3,1,2,7.2,"9","ahp",30,"0"
"1148",1,13,-2,0,0,0,0,"9","ahp",30,"0"
"1149",1,14,1,0,5,1,9.4,"9","ahp",30,"0"
"1150",1,15,0,0.3,1,3,5.5,"9","ahp",30,"0"
"1151",1,16,1,0,1,1,9.4,"9","ahp",30,"0"
"1152",1,17,0,0.3,1,3,5.5,"9","ahp",30,"0"
"1153",1,18,2,0.3,1,2,7.2,"9","ahp",30,"0"
"1154",1,19,2,0.3,1,2,7.2,"9","ahp",30,"0"
"1155",1,20,4,0,2,3,3.9,"9","ahp",30,"0"
"1156",1,21,4,0.3,2,3,3.9,"9","ahp",30,"0"
"1157",1,22,2,0.3,1,2,7.2,"9","ahp",30,"0"
"1158",1,23,2,0.058833,2,1,7.2,"9","ahp",30,"0"
"1159",1,24,0,0.3,1,2,5.5,"9","ahp",30,"0"
"1160",1,25,2,0.3,1,1,7.2,"9","ahp",30,"0"
"1161",1,26,1,0.3,1,1,9.4,"9","ahp",30,"0"
"1162",1,27,1,0.3,4,1,9.4,"9","ahp",30,"0"
"1163",1,28,2,0.3,4,1,7.2,"9","ahp",30,"0"
"1164",1,29,1,0.3,2,1,9.4,"9","ahp",30,"0"
"1165",1,30,0,0,1,2,5.5,"9","ahp",30,"0"
"1166",1,31,4,0.283127,2,2,3.9,"9","ahp",30,"0"
"1167",1,32,0,0,2,2,5.5,"9","ahp",30,"0"
"1168",1,33,0,0,2,2,5.5,"9","ahp",30,"0"
"1169",1,34,4,0.3,1,3,3.9,"9","ahp",30,"0"
"1170",1,35,5,0.3,1,2,5.1,"9","ahp",30,"0"
"1171",1,6,0,0.3,3,2,5.5,"9","it",30,"0"
"1172",1,7,5,0.3,4,2,5.1,"9","it",30,"0"
"1173",1,8,2,0.3,1,1,7.2,"9","it",30,"0"
"1174",1,9,3,0.3,3,1,4.8,"9","it",30,"0"
"1175",1,10,5,0.3,1,2,5.1,"9","it",30,"0"
"1176",1,11,0,0.051304,1,2,5.5,"9","it",30,"0"
"1177",1,12,2,0.3,1,2,7.2,"9","it",30,"0"
"1178",1,13,-2,0,0,0,0,"9","it",30,"0"
"1179",1,14,3,0.3,3,1,4.8,"9","it",30,"0"
"1180",1,15,0,0.3,1,3,5.5,"9","it",30,"0"
"1181",1,16,3,0.3,2,1,4.8,"9","it",30,"0"
"1182",1,17,0,0.3,1,3,5.5,"9","it",30,"0"
"1183",1,18,2,0.3,1,2,7.2,"9","it",30,"0"
"1184",1,19,2,0.3,1,2,7.2,"9","it",30,"0"
"1185",1,20,4,0.223293,2,3,3.9,"9","it",30,"0"
"1186",1,21,5,0.3,3,2,5.1,"9","it",30,"0"
"1187",1,22,2,0.3,1,2,7.2,"9","it",30,"0"
"1188",1,23,2,0.3,2,1,7.2,"9","it",30,"0"
"1189",1,24,0,0.3,1,2,5.5,"9","it",30,"0"
"1190",1,25,5,0.3,5,1,5.1,"9","it",30,"0"
"1191",1,26,5,0.3,1,2,5.1,"9","it",30,"0"
"1192",1,27,1,0.3,4,1,9.4,"9","it",30,"0"
"1193",1,28,2,0.3,4,1,7.2,"9","it",30,"0"
"1194",1,29,0,0.3,2,2,5.5,"9","it",30,"0"
"1195",1,30,0,0,1,2,5.5,"9","it",30,"0"
"1196",1,31,5,0.3,5,1,5.1,"9","it",30,"0"
"1197",1,32,0,0,2,2,5.5,"9","it",30,"0"
"1198",1,33,0,0,2,2,5.5,"9","it",30,"0"
"1199",1,34,5,0.3,2,2,5.1,"9","it",30,"0"
"1200",1,35,5,0.3,1,2,5.1,"9","it",30,"0"
