"Iteration","Dst","Src","Priority","Number","Percentage","run","method","users","speed"
"1",1,35,2,1,4,1,"1","it",3,"0"
"2",1,19,2,0.7,2,0.911765,"1","it",3,"0"
"3",1,23,0,1,4,1,"1","it",3,"0"
"4",1,35,1,0.6,2,0.977778,"1","ahp",3,"0"
"5",1,19,1,0.4,1,0.871765,"1","ahp",3,"0"
"6",1,23,1,1,4,1,"1","ahp",3,"0"
"7",1,17,0,1,4,1,"10","it",3,"0"
"8",1,20,0,1,4,1,"10","it",3,"0"
"9",1,23,1,1,4,1,"10","it",3,"0"
"10",1,17,1,1,4,1,"10","ahp",3,"0"
"11",1,20,1,1,4,1,"10","ahp",3,"0"
"12",1,23,1,0.7,2,0.9,"10","ahp",3,"0"
"13",1,33,2,0.3,2,0.825,"11","it",3,"0"
"14",1,21,2,1,4,1,"11","it",3,"0"
"15",1,24,2,1,4,1,"11","it",3,"0"
"16",1,33,1,0.3,2,0.825,"11","ahp",3,"0"
"17",1,21,4,0.4,2,0.934,"11","ahp",3,"0"
"18",1,24,4,0.4,2,0.934,"11","ahp",3,"0"
"19",1,16,5,1,4,1,"12","it",3,"0"
"20",1,20,5,0.3,2,0.825,"12","it",3,"0"
"21",1,9,1,1,4,1,"12","it",3,"0"
"22",1,16,1,0.3,2,0.825,"12","ahp",3,"0"
"23",1,20,1,0.3,2,0.825,"12","ahp",3,"0"
"24",1,9,1,1,4,1,"12","ahp",3,"0"
"25",1,22,2,1,4,1,"13","it",3,"0"
"26",1,9,1,1,4,1,"13","it",3,"0"
"27",1,12,2,1,4,1,"13","it",3,"0"
"28",1,22,2,1,4,1,"13","ahp",3,"0"
"29",1,9,1,1,4,1,"13","ahp",3,"0"
"30",1,12,1,0.3,2,0.825,"13","ahp",3,"0"
"31",1,8,1,1,4,1,"14","it",3,"0"
"32",1,12,0,1,4,1,"14","it",3,"0"
"33",1,14,1,1,4,1,"14","it",3,"0"
"34",1,8,0,1,4,1,"14","ahp",3,"0"
"35",1,12,1,0.3,2,0.825,"14","ahp",3,"0"
"36",1,14,1,1,4,1,"14","ahp",3,"0"
"37",1,20,5,0.3,2,0.825,"15","it",3,"0"
"38",1,25,2,0.3,2,0.825,"15","it",3,"0"
"39",1,15,1,1,4,1,"15","it",3,"0"
"40",1,20,1,0,0,0.809058,"15","ahp",3,"0"
"41",1,25,1,0.3,2,0.825,"15","ahp",3,"0"
"42",1,15,1,0.7,2,0.85,"15","ahp",3,"0"
"43",1,32,5,1,4,1,"16","it",3,"0"
"44",1,34,5,0.3,2,0.825,"16","it",3,"0"
"45",1,25,0,1,4,1,"16","it",3,"0"
"46",1,32,3,0.4,2,0.988,"16","ahp",3,"0"
"47",1,34,1,0.2,1,0.802778,"16","ahp",3,"0"
"48",1,25,4,0.4,2,0.934,"16","ahp",3,"0"
"49",1,32,1,1,4,1,"17","it",3,"0"
"50",1,19,5,1,4,1,"17","it",3,"0"
"51",1,28,5,1,4,1,"17","it",3,"0"
"52",1,32,1,1,4,1,"17","ahp",3,"0"
"53",1,19,1,0.3,2,0.825,"17","ahp",3,"0"
"54",1,28,5,1,4,1,"17","ahp",3,"0"
"55",1,20,5,1,4,1,"18","it",3,"0"
"56",1,30,5,1,4,1,"18","it",3,"0"
"57",1,31,5,1,4,1,"18","it",3,"0"
"58",1,20,3,0.4,2,0.988,"18","ahp",3,"0"
"59",1,30,3,0.4,2,0.988,"18","ahp",3,"0"
"60",1,31,3,0.4,2,0.988,"18","ahp",3,"0"
"61",1,35,2,1,4,1,"19","it",3,"0"
"62",1,10,3,0.4,2,0.988,"19","it",3,"0"
"63",1,12,2,0.3,2,0.825,"19","it",3,"0"
"64",1,35,1,0.3,2,0.825,"19","ahp",3,"0"
"65",1,10,1,0.3,2,0.825,"19","ahp",3,"0"
"66",1,12,1,0.3,2,0.825,"19","ahp",3,"0"
"67",1,32,0,1,4,1,"2","it",3,"0"
"68",1,24,5,1,4,1,"2","it",3,"0"
"69",1,26,5,0.3,2,0.825,"2","it",3,"0"
"70",1,32,4,0.4,2,0.934,"2","ahp",3,"0"
"71",1,24,2,1,4,1,"2","ahp",3,"0"
"72",1,26,1,0.3,2,0.825,"2","ahp",3,"0"
"73",1,16,0,1,4,1,"20","it",3,"0"
"74",1,28,1,0.3,2,0.825,"20","it",3,"0"
"75",1,12,5,0.3,2,0.825,"20","it",3,"0"
"76",1,16,1,0.3,2,0.825,"20","ahp",3,"0"
"77",1,28,1,0.3,2,0.825,"20","ahp",3,"0"
"78",1,12,1,0,0,0.675,"20","ahp",3,"0"
"79",1,18,0,1,4,1,"3","it",3,"0"
"80",1,23,5,0.3,2,0.825,"3","it",3,"0"
"81",1,24,2,1,4,1,"3","it",3,"0"
"82",1,18,1,0.3,2,0.825,"3","ahp",3,"0"
"83",1,23,2,0.3,2,0.825,"3","ahp",3,"0"
"84",1,24,2,1,4,1,"3","ahp",3,"0"
"85",1,18,2,1,4,1,"4","it",3,"0"
"86",1,25,5,1,4,1,"4","it",3,"0"
"87",1,14,2,1,4,1,"4","it",3,"0"
"88",1,18,2,1,4,1,"4","ahp",3,"0"
"89",1,25,1,0.3,2,0.825,"4","ahp",3,"0"
"90",1,14,2,1,4,1,"4","ahp",3,"0"
"91",1,21,5,1,4,1,"5","it",3,"0"
"92",1,22,0,1,4,1,"5","it",3,"0"
"93",1,23,5,1,4,1,"5","it",3,"0"
"94",1,21,1,0.3,2,0.825,"5","ahp",3,"0"
"95",1,22,1,1,4,1,"5","ahp",3,"0"
"96",1,23,1,1,4,1,"5","ahp",3,"0"
"97",1,25,1,0.3,2,0.825,"6","it",3,"0"
"98",1,26,5,1,4,1,"6","it",3,"0"
"99",1,29,0,1,4,1,"6","it",3,"0"
"100",1,25,2,0.3,2,0.825,"6","ahp",3,"0"
"101",1,26,1,0.3,2,0.825,"6","ahp",3,"0"
"102",1,29,1,0.3,2,0.825,"6","ahp",3,"0"
"103",1,27,5,1,4,1,"7","it",3,"0"
"104",1,28,5,1,4,1,"7","it",3,"0"
"105",1,15,5,1,4,1,"7","it",3,"0"
"106",1,27,1,0,0,0.688636,"7","ahp",3,"0"
"107",1,28,5,1,4,1,"7","ahp",3,"0"
"108",1,15,1,0.3,2,0.825,"7","ahp",3,"0"
"109",1,23,0,1,4,1,"8","it",3,"0"
"110",1,8,2,0.3,2,0.825,"8","it",3,"0"
"111",1,12,0,1,4,1,"8","it",3,"0"
"112",1,23,1,0.3,2,0.825,"8","ahp",3,"0"
"113",1,8,1,0.3,2,0.825,"8","ahp",3,"0"
"114",1,12,1,0.3,2,0.825,"8","ahp",3,"0"
"115",1,16,0,1,4,1,"9","it",3,"0"
"116",1,30,0,1,4,1,"9","it",3,"0"
"117",1,15,1,1,4,1,"9","it",3,"0"
"118",1,16,1,1,4,1,"9","ahp",3,"0"
"119",1,30,1,0.7,2,0.85,"9","ahp",3,"0"
"120",1,15,1,1,4,1,"9","ahp",3,"0"
"121",1,6,0,0.7,2,0.85,"1","it",30,"0"
"122",1,7,2,0.3,2,0.825,"1","it",30,"0"
"123",1,8,0,1,4,1,"1","it",30,"0"
"124",1,9,2,0.7,2,0.85,"1","it",30,"0"
"125",1,10,2,0.7,2,0.95,"1","it",30,"0"
"126",1,11,0,0.3,2,0.825,"1","it",30,"0"
"127",1,12,1,0,0,0.679077,"1","it",30,"0"
"128",1,13,4,0,0,0.714769,"1","it",30,"0"
"129",1,14,5,0.3,2,0.825,"1","it",30,"0"
"130",1,15,0,1,4,1,"1","it",30,"0"
"131",1,16,4,0.1,1,0.759,"1","it",30,"0"
"132",1,17,0,0.7,2,0.85,"1","it",30,"0"
"133",1,18,1,0,0,0.675,"1","it",30,"0"
"134",1,19,5,0.3,2,0.825,"1","it",30,"0"
"135",1,20,1,0,0,0.675,"1","it",30,"0"
"136",1,21,0,0.7,2,0.91,"1","it",30,"0"
"137",1,22,2,1,4,1,"1","it",30,"0"
"138",1,23,1,0.3,2,0.825,"1","it",30,"0"
"139",1,24,0,0.7,2,0.85,"1","it",30,"0"
"140",1,25,1,0.3,2,0.825,"1","it",30,"0"
"141",1,26,1,0.3,2,0.825,"1","it",30,"0"
"142",1,27,5,0.7,2,0.85,"1","it",30,"0"
"143",1,28,4,0.1,1,0.759,"1","it",30,"0"
"144",1,29,0,0.7,2,0.85,"1","it",30,"0"
"145",1,30,2,0,0,0.675,"1","it",30,"0"
"146",1,31,5,0.3,2,0.825,"1","it",30,"0"
"147",1,32,1,0.3,2,0.825,"1","it",30,"0"
"148",1,33,2,0.7,2,0.85,"1","it",30,"0"
"149",1,34,1,0.3,2,0.825,"1","it",30,"0"
"150",1,35,4,0.1,1,0.759,"1","it",30,"0"
"151",1,6,4,0.4,2,0.934,"1","ahp",30,"0"
"152",1,7,1,0.3,2,0.825,"1","ahp",30,"0"
"153",1,8,1,0,0,0.675,"1","ahp",30,"0"
"154",1,9,1,0,0,0.68726,"1","ahp",30,"0"
"155",1,10,4,0.4,2,0.934,"1","ahp",30,"0"
"156",1,11,1,0,0,0.620455,"1","ahp",30,"0"
"157",1,12,1,0,0,0.675,"1","ahp",30,"0"
"158",1,13,1,0,0,0.675,"1","ahp",30,"0"
"159",1,14,1,0.3,2,0.825,"1","ahp",30,"0"
"160",1,15,3,0.4,2,0.988,"1","ahp",30,"0"
"161",1,16,1,0,0,0.675,"1","ahp",30,"0"
"162",1,17,4,0.4,2,0.934,"1","ahp",30,"0"
"163",1,18,1,0,0,0.675,"1","ahp",30,"0"
"164",1,19,1,0.3,2,0.825,"1","ahp",30,"0"
"165",1,20,1,0,0,0.675,"1","ahp",30,"0"
"166",1,21,3,0.4,2,0.988,"1","ahp",30,"0"
"167",1,22,2,1,4,1,"1","ahp",30,"0"
"168",1,23,1,0.3,2,0.825,"1","ahp",30,"0"
"169",1,24,3,0.3,1,0.898,"1","ahp",30,"0"
"170",1,25,1,0,0,0.675,"1","ahp",30,"0"
"171",1,26,1,0,0,0.675,"1","ahp",30,"0"
"172",1,27,4,0.4,2,0.934,"1","ahp",30,"0"
"173",1,28,1,0,0,0.675,"1","ahp",30,"0"
"174",1,29,4,0.4,2,0.934,"1","ahp",30,"0"
"175",1,30,1,0,0,0.675,"1","ahp",30,"0"
"176",1,31,1,0,0,0.675,"1","ahp",30,"0"
"177",1,32,1,0,0,0.675,"1","ahp",30,"0"
"178",1,33,1,0.3,2,0.825,"1","ahp",30,"0"
"179",1,34,1,0,0,0.675,"1","ahp",30,"0"
"180",1,35,1,0,0,0.675,"1","ahp",30,"0"
"181",1,6,0,0.3,2,0.825,"10","it",30,"0"
"182",1,7,4,0.1,1,0.759,"10","it",30,"0"
"183",1,8,0,0.7,2,0.970499,"10","it",30,"0"
"184",1,9,1,1,4,1,"10","it",30,"0"
"185",1,10,1,1,4,1,"10","it",30,"0"
"186",1,11,0,1,4,1,"10","it",30,"0"
"187",1,12,5,0.7,2,0.8825,"10","it",30,"0"
"188",1,13,5,0.7,2,0.85,"10","it",30,"0"
"189",1,14,5,0,0,0.675,"10","it",30,"0"
"190",1,15,5,1,4,1,"10","it",30,"0"
"191",1,16,2,0.3,2,0.825,"10","it",30,"0"
"192",1,17,1,1,4,1,"10","it",30,"0"
"193",1,18,1,0.7,2,0.85,"10","it",30,"0"
"194",1,19,1,0.7,2,0.901621,"10","it",30,"0"
"195",1,20,0,1,4,1,"10","it",30,"0"
"196",1,21,1,1,4,1,"10","it",30,"0"
"197",1,22,0,1,4,1,"10","it",30,"0"
"198",1,23,5,1,4,1,"10","it",30,"0"
"199",1,24,5,1,4,1,"10","it",30,"0"
"200",1,25,5,1,4,1,"10","it",30,"0"
"201",1,26,4,0.1,1,0.759,"10","it",30,"0"
"202",1,27,5,1,4,1,"10","it",30,"0"
"203",1,28,1,0.7,2,0.85,"10","it",30,"0"
"204",1,29,4,0,0,0.709,"10","it",30,"0"
"205",1,30,0,1,4,1,"10","it",30,"0"
"206",1,31,0,0.3,2,0.825,"10","it",30,"0"
"207",1,32,0,1,4,1,"10","it",30,"0"
"208",1,33,0,1,4,1,"10","it",30,"0"
"209",1,34,1,1,4,1,"10","it",30,"0"
"210",1,35,2,0.3,2,0.825,"10","it",30,"0"
"211",1,6,1,0.2,1,0.770455,"10","ahp",30,"0"
"212",1,7,1,0,0,0.635,"10","ahp",30,"0"
"213",1,8,0,1,4,1,"10","ahp",30,"0"
"214",1,9,1,0.7,2,0.85,"10","ahp",30,"0"
"215",1,10,1,0.7,2,0.85,"10","ahp",30,"0"
"216",1,11,0,1,4,1,"10","ahp",30,"0"
"217",1,12,1,0.7,2,0.85,"10","ahp",30,"0"
"218",1,13,1,0.7,2,0.85,"10","ahp",30,"0"
"219",1,14,5,0.3,2,0.825,"10","ahp",30,"0"
"220",1,15,1,1,4,1,"10","ahp",30,"0"
"221",1,16,1,0,0,0.675,"10","ahp",30,"0"
"222",1,17,1,0.7,2,0.85,"10","ahp",30,"0"
"223",1,18,1,0.7,2,0.85,"10","ahp",30,"0"
"224",1,19,1,0.7,2,0.85,"10","ahp",30,"0"
"225",1,20,0,1,4,1,"10","ahp",30,"0"
"226",1,21,1,1,4,1,"10","ahp",30,"0"
"227",1,22,4,0.4,2,0.934,"10","ahp",30,"0"
"228",1,23,4,0.4,2,0.934,"10","ahp",30,"0"
"229",1,24,5,1,4,1,"10","ahp",30,"0"
"230",1,25,5,1,4,1,"10","ahp",30,"0"
"231",1,26,1,0,0,0.652778,"10","ahp",30,"0"
"232",1,27,1,0.7,2,0.85,"10","ahp",30,"0"
"233",1,28,1,0.7,2,0.85,"10","ahp",30,"0"
"234",1,29,1,0,0,0.675,"10","ahp",30,"0"
"235",1,30,0,1,4,1,"10","ahp",30,"0"
"236",1,31,1,0,0,0.675,"10","ahp",30,"0"
"237",1,32,0,1,4,1,"10","ahp",30,"0"
"238",1,33,0,1,4,1,"10","ahp",30,"0"
"239",1,34,1,0.7,2,0.85,"10","ahp",30,"0"
"240",1,35,1,0,0,0.675,"10","ahp",30,"0"
"241",1,6,2,1,4,1,"11","it",30,"0"
"242",1,7,0,0.7,2,0.85,"11","it",30,"0"
"243",1,8,0,0.7,2,0.85,"11","it",30,"0"
"244",1,9,0,0.7,2,0.85,"11","it",30,"0"
"245",1,10,0,1,4,1,"11","it",30,"0"
"246",1,11,5,0.3,2,0.825,"11","it",30,"0"
"247",1,12,1,0.3,2,0.825,"11","it",30,"0"
"248",1,13,5,0.7,2,0.904545,"11","it",30,"0"
"249",1,14,5,0.7,2,0.85,"11","it",30,"0"
"250",1,15,0,0.7,2,0.85,"11","it",30,"0"
"251",1,16,2,1,4,1,"11","it",30,"0"
"252",1,17,0,1,4,1,"11","it",30,"0"
"253",1,18,2,0.7,2,0.883245,"11","it",30,"0"
"254",1,19,5,0.7,2,0.85,"11","it",30,"0"
"255",1,20,2,0.7,2,0.85,"11","it",30,"0"
"256",1,21,2,0.3,2,0.825,"11","it",30,"0"
"257",1,22,5,1,4,1,"11","it",30,"0"
"258",1,23,1,0,0,0.729784,"11","it",30,"0"
"259",1,24,5,1,4,1,"11","it",30,"0"
"260",1,25,0,0.7,2,0.85,"11","it",30,"0"
"261",1,26,5,0.3,2,0.825,"11","it",30,"0"
"262",1,27,2,1,4,1,"11","it",30,"0"
"263",1,28,2,1,4,1,"11","it",30,"0"
"264",1,29,0,0.7,2,0.85,"11","it",30,"0"
"265",1,30,0,0.7,2,0.95,"11","it",30,"0"
"266",1,31,1,0.3,2,0.825,"11","it",30,"0"
"267",1,32,2,0.7,2,0.85,"11","it",30,"0"
"268",1,33,0,1,4,1,"11","it",30,"0"
"269",1,34,5,1,4,1,"11","it",30,"0"
"270",1,35,0,0.3,2,0.825,"11","it",30,"0"
"271",1,6,2,1,4,1,"11","ahp",30,"0"
"272",1,7,3,0.3,1,0.909164,"11","ahp",30,"0"
"273",1,8,1,0,0,0.675,"11","ahp",30,"0"
"274",1,9,3,0.4,2,0.988,"11","ahp",30,"0"
"275",1,10,1,0.3,2,0.825,"11","ahp",30,"0"
"276",1,11,1,0.3,2,0.825,"11","ahp",30,"0"
"277",1,12,1,0,0,0.675,"11","ahp",30,"0"
"278",1,13,2,1,4,1,"11","ahp",30,"0"
"279",1,14,2,0.7,2,0.85,"11","ahp",30,"0"
"280",1,15,1,0,0,0.675,"11","ahp",30,"0"
"281",1,16,2,1,4,1,"11","ahp",30,"0"
"282",1,17,1,0,0,0.735,"11","ahp",30,"0"
"283",1,18,1,0,0,0.705856,"11","ahp",30,"0"
"284",1,19,2,0.7,2,0.85,"11","ahp",30,"0"
"285",1,20,2,0.7,2,0.883764,"11","ahp",30,"0"
"286",1,21,1,0.3,2,0.825,"11","ahp",30,"0"
"287",1,22,2,1,4,1,"11","ahp",30,"0"
"288",1,23,5,0,0,0.729545,"11","ahp",30,"0"
"289",1,24,5,1,4,1,"11","ahp",30,"0"
"290",1,25,3,0.3,1,0.866836,"11","ahp",30,"0"
"291",1,26,1,0.2,1,0.802778,"11","ahp",30,"0"
"292",1,27,2,1,4,1,"11","ahp",30,"0"
"293",1,28,1,0.3,2,0.825,"11","ahp",30,"0"
"294",1,29,1,0,0,0.675,"11","ahp",30,"0"
"295",1,30,3,0.4,2,0.988,"11","ahp",30,"0"
"296",1,31,1,0,0,0.675,"11","ahp",30,"0"
"297",1,32,2,0.7,2,0.85,"11","ahp",30,"0"
"298",1,33,3,0.4,2,0.988,"11","ahp",30,"0"
"299",1,34,2,1,4,1,"11","ahp",30,"0"
"300",1,35,2,0.3,2,0.825,"11","ahp",30,"0"
"301",1,6,5,0.7,2,0.85,"12","it",30,"0"
"302",1,7,2,1,4,1,"12","it",30,"0"
"303",1,8,2,1,4,1,"12","it",30,"0"
"304",1,9,3,0.4,2,0.988,"12","it",30,"0"
"305",1,10,5,1,4,1,"12","it",30,"0"
"306",1,11,0,1,4,1,"12","it",30,"0"
"307",1,12,2,1,4,1,"12","it",30,"0"
"308",1,13,3,0.1,1,0.813,"12","it",30,"0"
"309",1,14,5,0.7,2,0.882858,"12","it",30,"0"
"310",1,15,2,0.7,2,0.85,"12","it",30,"0"
"311",1,16,5,0.3,2,0.825,"12","it",30,"0"
"312",1,17,2,1,4,1,"12","it",30,"0"
"313",1,18,2,0.3,2,0.825,"12","it",30,"0"
"314",1,19,0,0.3,2,0.825,"12","it",30,"0"
"315",1,20,5,0.3,2,0.825,"12","it",30,"0"
"316",1,21,1,1,4,1,"12","it",30,"0"
"317",1,22,5,0.7,2,0.85,"12","it",30,"0"
"318",1,23,5,0.7,2,0.85,"12","it",30,"0"
"319",1,24,2,1,4,1,"12","it",30,"0"
"320",1,25,1,0.3,2,0.825,"12","it",30,"0"
"321",1,26,2,0.7,2,0.953846,"12","it",30,"0"
"322",1,27,5,0.7,2,0.85,"12","it",30,"0"
"323",1,28,5,1,4,1,"12","it",30,"0"
"324",1,29,2,1,4,1,"12","it",30,"0"
"325",1,30,5,0.7,2,0.85,"12","it",30,"0"
"326",1,31,3,0.1,1,0.813,"12","it",30,"0"
"327",1,32,5,1,4,1,"12","it",30,"0"
"328",1,33,0,0,0,0.78026,"12","it",30,"0"
"329",1,34,2,0.7,2,0.85,"12","it",30,"0"
"330",1,35,5,1,4,1,"12","it",30,"0"
"331",1,6,2,1,4,1,"12","ahp",30,"0"
"332",1,7,2,1,4,1,"12","ahp",30,"0"
"333",1,8,2,1,4,1,"12","ahp",30,"0"
"334",1,9,3,0.4,2,0.988,"12","ahp",30,"0"
"335",1,10,2,1,4,1,"12","ahp",30,"0"
"336",1,11,1,0.7,2,0.95526,"12","ahp",30,"0"
"337",1,12,2,1,4,1,"12","ahp",30,"0"
"338",1,13,1,0,0,0.675,"12","ahp",30,"0"
"339",1,14,5,1,4,1,"12","ahp",30,"0"
"340",1,15,2,1,4,1,"12","ahp",30,"0"
"341",1,16,1,0,0,0.675,"12","ahp",30,"0"
"342",1,17,2,1,4,1,"12","ahp",30,"0"
"343",1,18,1,0.3,2,0.825,"12","ahp",30,"0"
"344",1,19,1,0,0,0.675,"12","ahp",30,"0"
"345",1,20,1,0,0,0.675,"12","ahp",30,"0"
"346",1,21,0,1,4,1,"12","ahp",30,"0"
"347",1,22,1,0,0,0.675,"12","ahp",30,"0"
"348",1,23,5,0.7,2,0.85,"12","ahp",30,"0"
"349",1,24,1,0.3,2,0.825,"12","ahp",30,"0"
"350",1,25,1,0.3,2,0.825,"12","ahp",30,"0"
"351",1,26,1,0,0,0.675,"12","ahp",30,"0"
"352",1,27,5,0.7,2,0.877273,"12","ahp",30,"0"
"353",1,28,1,0,0,0.675,"12","ahp",30,"0"
"354",1,29,2,1,4,1,"12","ahp",30,"0"
"355",1,30,5,0.7,2,0.85,"12","ahp",30,"0"
"356",1,31,1,0,0,0.675,"12","ahp",30,"0"
"357",1,32,5,1,4,1,"12","ahp",30,"0"
"358",1,33,3,0.1,1,0.813,"12","ahp",30,"0"
"359",1,34,1,0,0,0.675,"12","ahp",30,"0"
"360",1,35,2,1,4,1,"12","ahp",30,"0"
"361",1,6,0,1,4,1,"13","it",30,"0"
"362",1,7,5,1,4,1,"13","it",30,"0"
"363",1,8,2,0.3,2,0.825,"13","it",30,"0"
"364",1,9,5,0.3,2,0.825,"13","it",30,"0"
"365",1,10,5,1,4,1,"13","it",30,"0"
"366",1,11,0,0.7,2,0.875652,"13","it",30,"0"
"367",1,12,2,1,4,1,"13","it",30,"0"
"368",1,13,-2,0,0,0,"13","it",30,"0"
"369",1,14,3,0.1,1,0.813,"13","it",30,"0"
"370",1,15,0,1,4,1,"13","it",30,"0"
"371",1,16,1,0.3,2,0.825,"13","it",30,"0"
"372",1,17,0,1,4,1,"13","it",30,"0"
"373",1,18,2,1,4,1,"13","it",30,"0"
"374",1,19,2,1,4,1,"13","it",30,"0"
"375",1,20,4,0.3,1,0.784,"13","it",30,"0"
"376",1,21,5,1,4,1,"13","it",30,"0"
"377",1,22,2,1,4,1,"13","it",30,"0"
"378",1,23,2,0.3,2,0.825,"13","it",30,"0"
"379",1,24,0,1,4,1,"13","it",30,"0"
"380",1,25,1,0.3,2,0.825,"13","it",30,"0"
"381",1,26,5,1,4,1,"13","it",30,"0"
"382",1,27,5,0.3,2,0.825,"13","it",30,"0"
"383",1,28,2,0.3,2,0.825,"13","it",30,"0"
"384",1,29,0,1,4,1,"13","it",30,"0"
"385",1,30,0,0.7,2,0.85,"13","it",30,"0"
"386",1,31,4,0.3,1,0.895646,"13","it",30,"0"
"387",1,32,0,0.7,2,0.85,"13","it",30,"0"
"388",1,33,0,0.7,2,0.85,"13","it",30,"0"
"389",1,34,5,1,4,1,"13","it",30,"0"
"390",1,35,5,1,4,1,"13","it",30,"0"
"391",1,6,1,0.3,2,0.825,"13","ahp",30,"0"
"392",1,7,2,0.3,2,0.825,"13","ahp",30,"0"
"393",1,8,2,0.3,2,0.825,"13","ahp",30,"0"
"394",1,9,1,0,0,0.714713,"13","ahp",30,"0"
"395",1,10,4,0.4,2,0.934,"13","ahp",30,"0"
"396",1,11,0,0.7,2,0.995735,"13","ahp",30,"0"
"397",1,12,2,1,4,1,"13","ahp",30,"0"
"398",1,13,-2,0,0,0,"13","ahp",30,"0"
"399",1,14,1,0,0,0.675,"13","ahp",30,"0"
"400",1,15,0,1,4,1,"13","ahp",30,"0"
"401",1,16,1,0,0,0.675,"13","ahp",30,"0"
"402",1,17,0,1,4,1,"13","ahp",30,"0"
"403",1,18,2,1,4,1,"13","ahp",30,"0"
"404",1,19,2,1,4,1,"13","ahp",30,"0"
"405",1,20,4,0.3,1,0.784,"13","ahp",30,"0"
"406",1,21,4,0.4,2,0.934,"13","ahp",30,"0"
"407",1,22,2,1,4,1,"13","ahp",30,"0"
"408",1,23,2,0,0,0.704417,"13","ahp",30,"0"
"409",1,24,0,1,4,1,"13","ahp",30,"0"
"410",1,25,2,0.3,2,0.825,"13","ahp",30,"0"
"411",1,26,1,0.3,2,0.825,"13","ahp",30,"0"
"412",1,27,1,0.3,2,0.825,"13","ahp",30,"0"
"413",1,28,2,0.3,2,0.825,"13","ahp",30,"0"
"414",1,29,1,0.3,2,0.825,"13","ahp",30,"0"
"415",1,30,0,0.7,2,0.85,"13","ahp",30,"0"
"416",1,31,4,0.3,1,0.925563,"13","ahp",30,"0"
"417",1,32,0,0.7,2,0.85,"13","ahp",30,"0"
"418",1,33,0,0.7,2,0.85,"13","ahp",30,"0"
"419",1,34,4,0.4,2,0.934,"13","ahp",30,"0"
"420",1,35,5,1,4,1,"13","ahp",30,"0"
"421",1,6,2,0.7,2,0.85,"14","it",30,"0"
"422",1,7,0,1,4,1,"14","it",30,"0"
"423",1,8,-2,0,0,0,"14","it",30,"0"
"424",1,9,1,0.7,2,0.872266,"14","it",30,"0"
"425",1,10,0,1,4,1,"14","it",30,"0"
"426",1,11,0,1,4,1,"14","it",30,"0"
"427",1,12,1,0.3,2,0.825,"14","it",30,"0"
"428",1,13,5,0.3,2,0.825,"14","it",30,"0"
"429",1,14,0,1,4,1,"14","it",30,"0"
"430",1,15,1,1,4,1,"14","it",30,"0"
"431",1,16,2,1,4,1,"14","it",30,"0"
"432",1,17,2,0.3,2,0.825,"14","it",30,"0"
"433",1,18,2,0.7,2,0.85,"14","it",30,"0"
"434",1,19,0,0.3,2,0.825,"14","it",30,"0"
"435",1,20,5,0.3,2,0.825,"14","it",30,"0"
"436",1,21,2,1,4,1,"14","it",30,"0"
"437",1,22,3,0.1,1,0.813,"14","it",30,"0"
"438",1,23,0,1,4,1,"14","it",30,"0"
"439",1,24,2,0.7,2,0.859485,"14","it",30,"0"
"440",1,25,1,0.7,2,0.85,"14","it",30,"0"
"441",1,26,0,0.3,2,0.825,"14","it",30,"0"
"442",1,27,5,0.3,2,0.825,"14","it",30,"0"
"443",1,28,2,0.7,2,0.85,"14","it",30,"0"
"444",1,29,3,0.1,1,0.813,"14","it",30,"0"
"445",1,30,5,0.7,2,0.990071,"14","it",30,"0"
"446",1,31,3,0.1,1,0.813,"14","it",30,"0"
"447",1,32,0,0,0,0.717857,"14","it",30,"0"
"448",1,33,5,0.3,2,0.825,"14","it",30,"0"
"449",1,34,2,1,4,1,"14","it",30,"0"
"450",1,35,2,0.7,2,0.85,"14","it",30,"0"
"451",1,6,2,0.7,2,0.85,"14","ahp",30,"0"
"452",1,7,5,1,4,1,"14","ahp",30,"0"
"453",1,8,-2,0,0,0,"14","ahp",30,"0"
"454",1,9,1,0.7,2,0.85,"14","ahp",30,"0"
"455",1,10,0,1,4,1,"14","ahp",30,"0"
"456",1,11,4,0.4,2,0.934,"14","ahp",30,"0"
"457",1,12,1,0.3,2,0.825,"14","ahp",30,"0"
"458",1,13,1,0,0,0.675,"14","ahp",30,"0"
"459",1,14,0,1,4,1,"14","ahp",30,"0"
"460",1,15,1,1,4,1,"14","ahp",30,"0"
"461",1,16,1,0.7,2,0.85,"14","ahp",30,"0"
"462",1,17,1,0,0,0.675,"14","ahp",30,"0"
"463",1,18,3,0.1,1,0.813,"14","ahp",30,"0"
"464",1,19,2,0,0,0.789474,"14","ahp",30,"0"
"465",1,20,1,0,0,0.742608,"14","ahp",30,"0"
"466",1,21,2,1,4,1,"14","ahp",30,"0"
"467",1,22,1,0,0,0.675,"14","ahp",30,"0"
"468",1,23,0,1,4,1,"14","ahp",30,"0"
"469",1,24,1,0.7,2,0.85,"14","ahp",30,"0"
"470",1,25,1,0.7,2,0.85,"14","ahp",30,"0"
"471",1,26,1,0,0,0.675,"14","ahp",30,"0"
"472",1,27,1,0.3,2,0.825,"14","ahp",30,"0"
"473",1,28,1,0.7,2,0.85,"14","ahp",30,"0"
"474",1,29,3,0.1,1,0.813,"14","ahp",30,"0"
"475",1,30,4,0.4,2,0.934,"14","ahp",30,"0"
"476",1,31,1,0,0,0.675,"14","ahp",30,"0"
"477",1,32,2,0,0,0.675,"14","ahp",30,"0"
"478",1,33,1,0.3,2,0.825,"14","ahp",30,"0"
"479",1,34,1,0.7,2,0.85,"14","ahp",30,"0"
"480",1,35,1,0.7,2,0.85,"14","ahp",30,"0"
"481",1,6,5,1,4,1,"15","it",30,"0"
"482",1,7,-2,0,0,0,"15","it",30,"0"
"483",1,8,5,0.3,2,0.825,"15","it",30,"0"
"484",1,9,5,1,4,1,"15","it",30,"0"
"485",1,10,0,0.3,2,0.825,"15","it",30,"0"
"486",1,11,0,0.3,2,0.825,"15","it",30,"0"
"487",1,12,3,0,0,0.689145,"15","it",30,"0"
"488",1,13,5,0.3,2,0.825,"15","it",30,"0"
"489",1,14,3,0.4,2,0.988,"15","it",30,"0"
"490",1,15,0,0.3,2,0.825,"15","it",30,"0"
"491",1,16,0,0.3,2,0.825,"15","it",30,"0"
"492",1,17,5,0.3,2,0.825,"15","it",30,"0"
"493",1,18,-2,0,0,0,"15","it",30,"0"
"494",1,19,2,0.3,2,0.825,"15","it",30,"0"
"495",1,20,0,0.3,2,0.825,"15","it",30,"0"
"496",1,21,-2,0,0,0,"15","it",30,"0"
"497",1,22,5,1,4,1,"15","it",30,"0"
"498",1,23,2,0.3,2,0.825,"15","it",30,"0"
"499",1,24,5,0.3,2,0.825,"15","it",30,"0"
"500",1,25,5,0.3,2,0.825,"15","it",30,"0"
"501",1,26,3,0.4,2,0.988,"15","it",30,"0"
"502",1,27,0,0.3,2,0.825,"15","it",30,"0"
"503",1,28,3,0.4,2,0.988,"15","it",30,"0"
"504",1,29,5,1,4,1,"15","it",30,"0"
"505",1,30,0,0,0,0.752458,"15","it",30,"0"
"506",1,31,0,0.3,2,0.825,"15","it",30,"0"
"507",1,32,5,0.7,2,0.860704,"15","it",30,"0"
"508",1,33,2,0.3,2,0.825,"15","it",30,"0"
"509",1,34,1,1,4,1,"15","it",30,"0"
"510",1,35,3,0.4,2,0.988,"15","it",30,"0"
"511",1,6,1,0.7,2,0.927472,"15","ahp",30,"0"
"512",1,7,-2,0,0,0,"15","ahp",30,"0"
"513",1,8,2,0.3,2,0.825,"15","ahp",30,"0"
"514",1,9,1,1,4,1,"15","ahp",30,"0"
"515",1,10,1,0,0,0.675,"15","ahp",30,"0"
"516",1,11,1,0,0,0.675,"15","ahp",30,"0"
"517",1,12,1,0,0,0.675,"15","ahp",30,"0"
"518",1,13,1,0.3,2,0.825,"15","ahp",30,"0"
"519",1,14,1,0,0,0.675,"15","ahp",30,"0"
"520",1,15,1,0,0,0.814902,"15","ahp",30,"0"
"521",1,16,0,0.3,2,0.825,"15","ahp",30,"0"
"522",1,17,1,0,0,0.675,"15","ahp",30,"0"
"523",1,18,-2,0,0,0,"15","ahp",30,"0"
"524",1,19,1,0,0,0.675,"15","ahp",30,"0"
"525",1,20,1,0,0,0.675,"15","ahp",30,"0"
"526",1,21,-2,0,0,0,"15","ahp",30,"0"
"527",1,22,1,0.7,2,0.85,"15","ahp",30,"0"
"528",1,23,0,0.3,2,0.825,"15","ahp",30,"0"
"529",1,24,1,0.3,2,0.825,"15","ahp",30,"0"
"530",1,25,1,0,0,0.675,"15","ahp",30,"0"
"531",1,26,4,0.4,2,0.934,"15","ahp",30,"0"
"532",1,27,0,0.3,2,0.825,"15","ahp",30,"0"
"533",1,28,3,0.4,2,0.988,"15","ahp",30,"0"
"534",1,29,1,0.7,2,0.85,"15","ahp",30,"0"
"535",1,30,1,0,0,0.675,"15","ahp",30,"0"
"536",1,31,1,0,0,0.675,"15","ahp",30,"0"
"537",1,32,1,0.7,2,0.85,"15","ahp",30,"0"
"538",1,33,1,0,0,0.675,"15","ahp",30,"0"
"539",1,34,1,1,4,1,"15","ahp",30,"0"
"540",1,35,4,0.4,2,0.934,"15","ahp",30,"0"
"541",1,6,3,0.1,1,0.813,"16","it",30,"0"
"542",1,7,5,1,4,1,"16","it",30,"0"
"543",1,8,0,0.3,2,0.825,"16","it",30,"0"
"544",1,9,5,0.7,2,0.85,"16","it",30,"0"
"545",1,10,5,0.3,2,0.825,"16","it",30,"0"
"546",1,11,5,0.7,2,0.85,"16","it",30,"0"
"547",1,12,5,0.7,2,0.85,"16","it",30,"0"
"548",1,13,5,0.3,2,0.825,"16","it",30,"0"
"549",1,14,4,0.1,1,0.759,"16","it",30,"0"
"550",1,15,2,1,4,1,"16","it",30,"0"
"551",1,16,5,0.7,2,0.986104,"16","it",30,"0"
"552",1,17,0,0.3,2,0.825,"16","it",30,"0"
"553",1,18,2,0.7,2,0.85,"16","it",30,"0"
"554",1,19,0,0.3,2,0.825,"16","it",30,"0"
"555",1,20,2,0.7,2,0.911308,"16","it",30,"0"
"556",1,21,1,0,0,0.736667,"16","it",30,"0"
"557",1,22,2,0.7,2,0.85,"16","it",30,"0"
"558",1,23,2,0.7,2,0.85,"16","it",30,"0"
"559",1,24,0,1,4,1,"16","it",30,"0"
"560",1,25,5,1,4,1,"16","it",30,"0"
"561",1,26,2,1,4,1,"16","it",30,"0"
"562",1,27,0,1,4,1,"16","it",30,"0"
"563",1,28,5,0.7,2,0.85,"16","it",30,"0"
"564",1,29,5,0.7,2,0.85,"16","it",30,"0"
"565",1,30,2,1,4,1,"16","it",30,"0"
"566",1,31,4,0.1,1,0.759,"16","it",30,"0"
"567",1,32,2,1,4,1,"16","it",30,"0"
"568",1,33,2,0.7,2,0.85,"16","it",30,"0"
"569",1,34,5,0.7,2,0.85,"16","it",30,"0"
"570",1,35,5,0.7,2,0.85,"16","it",30,"0"
"571",1,6,2,0,0,0.675,"16","ahp",30,"0"
"572",1,7,1,0.3,2,0.825,"16","ahp",30,"0"
"573",1,8,1,0.3,2,0.825,"16","ahp",30,"0"
"574",1,9,1,0,0,0.675,"16","ahp",30,"0"
"575",1,10,1,0.3,2,0.825,"16","ahp",30,"0"
"576",1,11,5,1,4,1,"16","ahp",30,"0"
"577",1,12,5,1,4,1,"16","ahp",30,"0"
"578",1,13,2,0.3,2,0.825,"16","ahp",30,"0"
"579",1,14,4,0.1,1,0.759,"16","ahp",30,"0"
"580",1,15,2,1,4,1,"16","ahp",30,"0"
"581",1,16,1,0.3,2,0.825,"16","ahp",30,"0"
"582",1,17,1,0.3,2,0.825,"16","ahp",30,"0"
"583",1,18,4,0.4,2,0.934,"16","ahp",30,"0"
"584",1,19,2,0,0,0.692287,"16","ahp",30,"0"
"585",1,20,3,0.4,2,0.988,"16","ahp",30,"0"
"586",1,21,2,0,0,0.675,"16","ahp",30,"0"
"587",1,22,1,0,0,0.675,"16","ahp",30,"0"
"588",1,23,2,0.7,2,0.85,"16","ahp",30,"0"
"589",1,24,0,1,4,1,"16","ahp",30,"0"
"590",1,25,4,0.4,2,0.934,"16","ahp",30,"0"
"591",1,26,2,1,4,1,"16","ahp",30,"0"
"592",1,27,0,1,4,1,"16","ahp",30,"0"
"593",1,28,1,0,0,0.675,"16","ahp",30,"0"
"594",1,29,5,1,4,1,"16","ahp",30,"0"
"595",1,30,2,1,4,1,"16","ahp",30,"0"
"596",1,31,5,0.3,2,0.825,"16","ahp",30,"0"
"597",1,32,3,0.4,2,0.988,"16","ahp",30,"0"
"598",1,33,1,0,0,0.731472,"16","ahp",30,"0"
"599",1,34,1,0,0,0.675,"16","ahp",30,"0"
"600",1,35,1,0,0,0.675,"16","ahp",30,"0"
"601",1,6,1,1,4,1,"17","it",30,"0"
"602",1,7,2,0.7,2,0.85,"17","it",30,"0"
"603",1,8,4,0.1,1,0.759,"17","it",30,"0"
"604",1,9,5,0.3,2,0.825,"17","it",30,"0"
"605",1,10,2,1,4,1,"17","it",30,"0"
"606",1,11,1,0.3,2,0.825,"17","it",30,"0"
"607",1,12,1,1,4,1,"17","it",30,"0"
"608",1,13,0,1,4,1,"17","it",30,"0"
"609",1,14,1,0.3,2,0.825,"17","it",30,"0"
"610",1,15,5,1,4,1,"17","it",30,"0"
"611",1,16,2,0.7,2,0.853125,"17","it",30,"0"
"612",1,17,0,0.3,2,0.825,"17","it",30,"0"
"613",1,18,2,1,4,1,"17","it",30,"0"
"614",1,19,5,0.3,2,0.825,"17","it",30,"0"
"615",1,20,1,0.3,2,0.825,"17","it",30,"0"
"616",1,21,5,1,4,1,"17","it",30,"0"
"617",1,22,2,0.7,2,0.85,"17","it",30,"0"
"618",1,23,0,1,4,1,"17","it",30,"0"
"619",1,24,5,0.3,2,0.825,"17","it",30,"0"
"620",1,25,5,1,4,1,"17","it",30,"0"
"621",1,26,2,0.7,2,0.85,"17","it",30,"0"
"622",1,27,0,0.3,2,0.825,"17","it",30,"0"
"623",1,28,2,0.3,2,0.825,"17","it",30,"0"
"624",1,29,4,0.1,1,0.759,"17","it",30,"0"
"625",1,30,2,1,4,1,"17","it",30,"0"
"626",1,31,2,1,4,1,"17","it",30,"0"
"627",1,32,2,1,4,1,"17","it",30,"0"
"628",1,33,1,0.7,2,0.937839,"17","it",30,"0"
"629",1,34,2,1,4,1,"17","it",30,"0"
"630",1,35,5,0.3,2,0.825,"17","it",30,"0"
"631",1,6,1,1,4,1,"17","ahp",30,"0"
"632",1,7,1,0,0,0.675,"17","ahp",30,"0"
"633",1,8,1,0,0,0.675,"17","ahp",30,"0"
"634",1,9,1,0,0,0.675,"17","ahp",30,"0"
"635",1,10,2,1,4,1,"17","ahp",30,"0"
"636",1,11,1,0.3,2,0.825,"17","ahp",30,"0"
"637",1,12,1,1,4,1,"17","ahp",30,"0"
"638",1,13,5,1,4,1,"17","ahp",30,"0"
"639",1,14,1,0.3,2,0.825,"17","ahp",30,"0"
"640",1,15,5,1,4,1,"17","ahp",30,"0"
"641",1,16,1,0.7,2,0.85,"17","ahp",30,"0"
"642",1,17,1,0,0,0.675,"17","ahp",30,"0"
"643",1,18,1,0.7,2,0.85,"17","ahp",30,"0"
"644",1,19,1,0,0,0.675,"17","ahp",30,"0"
"645",1,20,1,0.3,2,0.825,"17","ahp",30,"0"
"646",1,21,0,1,4,1,"17","ahp",30,"0"
"647",1,22,1,0.7,2,0.85,"17","ahp",30,"0"
"648",1,23,0,1,4,1,"17","ahp",30,"0"
"649",1,24,1,0,0,0.675,"17","ahp",30,"0"
"650",1,25,5,1,4,1,"17","ahp",30,"0"
"651",1,26,1,0.7,2,0.85,"17","ahp",30,"0"
"652",1,27,1,0,0,0.675,"17","ahp",30,"0"
"653",1,28,1,0,0,0.675,"17","ahp",30,"0"
"654",1,29,1,0,0,0.675,"17","ahp",30,"0"
"655",1,30,1,0.7,2,0.85,"17","ahp",30,"0"
"656",1,31,1,0.7,2,0.92908,"17","ahp",30,"0"
"657",1,32,1,0,0,0.675,"17","ahp",30,"0"
"658",1,33,1,0.7,2,0.85,"17","ahp",30,"0"
"659",1,34,1,0.7,2,0.85,"17","ahp",30,"0"
"660",1,35,1,0,0,0.675,"17","ahp",30,"0"
"661",1,6,2,0.3,2,0.825,"18","it",30,"0"
"662",1,7,5,0.7,2,0.85,"18","it",30,"0"
"663",1,8,2,0,0,0.778846,"18","it",30,"0"
"664",1,9,5,0.7,2,0.85,"18","it",30,"0"
"665",1,10,2,0.3,2,0.825,"18","it",30,"0"
"666",1,11,2,0.3,2,0.825,"18","it",30,"0"
"667",1,12,5,0.7,2,0.85,"18","it",30,"0"
"668",1,13,5,1,4,1,"18","it",30,"0"
"669",1,14,0,0.7,2,0.950699,"18","it",30,"0"
"670",1,15,5,1,4,1,"18","it",30,"0"
"671",1,16,5,1,4,1,"18","it",30,"0"
"672",1,17,5,0.7,2,0.905404,"18","it",30,"0"
"673",1,18,0,1,4,1,"18","it",30,"0"
"674",1,19,5,1,4,1,"18","it",30,"0"
"675",1,20,2,1,4,1,"18","it",30,"0"
"676",1,21,2,1,4,1,"18","it",30,"0"
"677",1,22,5,1,4,1,"18","it",30,"0"
"678",1,23,0,1,4,1,"18","it",30,"0"
"679",1,24,4,0.1,1,0.759,"18","it",30,"0"
"680",1,25,5,0.7,2,0.85,"18","it",30,"0"
"681",1,26,2,1,4,1,"18","it",30,"0"
"682",1,27,5,1,4,1,"18","it",30,"0"
"683",1,28,5,1,4,1,"18","it",30,"0"
"684",1,29,5,1,4,1,"18","it",30,"0"
"685",1,30,5,0.7,2,0.85,"18","it",30,"0"
"686",1,31,5,0.7,2,0.85,"18","it",30,"0"
"687",1,32,5,0.7,2,0.85,"18","it",30,"0"
"688",1,33,4,0.1,1,0.759,"18","it",30,"0"
"689",1,34,5,0.7,2,0.85,"18","it",30,"0"
"690",1,35,5,0.7,2,0.85,"18","it",30,"0"
"691",1,6,1,0,0,0.675,"18","ahp",30,"0"
"692",1,7,4,0.4,2,0.934,"18","ahp",30,"0"
"693",1,8,1,0,0,0.675,"18","ahp",30,"0"
"694",1,9,1,0,0,0.675,"18","ahp",30,"0"
"695",1,10,1,0,0,0.675,"18","ahp",30,"0"
"696",1,11,1,0,0,0.675,"18","ahp",30,"0"
"697",1,12,5,1,4,1,"18","ahp",30,"0"
"698",1,13,4,0.4,2,0.934,"18","ahp",30,"0"
"699",1,14,2,1,4,1,"18","ahp",30,"0"
"700",1,15,1,0.3,2,0.825,"18","ahp",30,"0"
"701",1,16,5,1,4,1,"18","ahp",30,"0"
"702",1,17,1,0,0,0.675,"18","ahp",30,"0"
"703",1,18,2,1,4,1,"18","ahp",30,"0"
"704",1,19,5,1,4,1,"18","ahp",30,"0"
"705",1,20,2,1,4,1,"18","ahp",30,"0"
"706",1,21,2,1,4,1,"18","ahp",30,"0"
"707",1,22,5,1,4,1,"18","ahp",30,"0"
"708",1,23,2,1,4,1,"18","ahp",30,"0"
"709",1,24,1,0,0,0.675,"18","ahp",30,"0"
"710",1,25,4,0.4,2,0.934,"18","ahp",30,"0"
"711",1,26,2,1,4,1,"18","ahp",30,"0"
"712",1,27,1,0,0,0.688636,"18","ahp",30,"0"
"713",1,28,5,1,4,1,"18","ahp",30,"0"
"714",1,29,1,0,0,0.675,"18","ahp",30,"0"
"715",1,30,5,0.7,2,0.86832,"18","ahp",30,"0"
"716",1,31,4,0.4,2,0.934,"18","ahp",30,"0"
"717",1,32,4,0.4,2,0.934,"18","ahp",30,"0"
"718",1,33,4,0.1,1,0.759,"18","ahp",30,"0"
"719",1,34,5,0.7,2,0.85,"18","ahp",30,"0"
"720",1,35,5,1,4,1,"18","ahp",30,"0"
"721",1,6,5,1,4,1,"19","it",30,"0"
"722",1,7,2,1,4,1,"19","it",30,"0"
"723",1,8,0,1,4,1,"19","it",30,"0"
"724",1,9,1,1,4,1,"19","it",30,"0"
"725",1,10,0,1,4,1,"19","it",30,"0"
"726",1,11,2,0.3,2,0.825,"19","it",30,"0"
"727",1,12,1,0.3,2,0.825,"19","it",30,"0"
"728",1,13,5,0.7,2,0.879106,"19","it",30,"0"
"729",1,14,0,0.3,2,0.825,"19","it",30,"0"
"730",1,15,1,0.7,2,0.85,"19","it",30,"0"
"731",1,16,0,1,4,1,"19","it",30,"0"
"732",1,17,5,1,4,1,"19","it",30,"0"
"733",1,18,0,1,4,1,"19","it",30,"0"
"734",1,19,1,0.7,2,0.85,"19","it",30,"0"
"735",1,20,1,0.7,2,0.963543,"19","it",30,"0"
"736",1,21,1,0.7,2,0.85,"19","it",30,"0"
"737",1,22,0,1,4,1,"19","it",30,"0"
"738",1,23,0,0.7,2,0.931579,"19","it",30,"0"
"739",1,24,5,1,4,1,"19","it",30,"0"
"740",1,25,2,0.3,2,0.825,"19","it",30,"0"
"741",1,26,2,0.3,2,0.825,"19","it",30,"0"
"742",1,27,0,0.7,2,0.85,"19","it",30,"0"
"743",1,28,2,0.3,2,0.825,"19","it",30,"0"
"744",1,29,0,1,4,1,"19","it",30,"0"
"745",1,30,0,1,4,1,"19","it",30,"0"
"746",1,31,0,0.7,2,0.889474,"19","it",30,"0"
"747",1,32,2,0.3,2,0.825,"19","it",30,"0"
"748",1,33,1,0.3,2,0.825,"19","it",30,"0"
"749",1,34,5,0.3,2,0.825,"19","it",30,"0"
"750",1,35,0,1,4,1,"19","it",30,"0"
"751",1,6,1,1,4,1,"19","ahp",30,"0"
"752",1,7,2,1,4,1,"19","ahp",30,"0"
"753",1,8,3,0.4,2,0.988,"19","ahp",30,"0"
"754",1,9,1,1,4,1,"19","ahp",30,"0"
"755",1,10,3,0.4,2,0.988,"19","ahp",30,"0"
"756",1,11,1,0,0,0.675,"19","ahp",30,"0"
"757",1,12,1,0.3,2,0.825,"19","ahp",30,"0"
"758",1,13,1,0.7,2,0.85,"19","ahp",30,"0"
"759",1,14,1,0,0,0.675,"19","ahp",30,"0"
"760",1,15,1,0.7,2,0.85,"19","ahp",30,"0"
"761",1,16,0,1,4,1,"19","ahp",30,"0"
"762",1,17,1,0.7,2,0.85,"19","ahp",30,"0"
"763",1,18,0,1,4,1,"19","ahp",30,"0"
"764",1,19,1,0.7,2,0.85,"19","ahp",30,"0"
"765",1,20,1,0.7,2,0.88837,"19","ahp",30,"0"
"766",1,21,1,0.7,2,0.85,"19","ahp",30,"0"
"767",1,22,3,0.4,2,0.988,"19","ahp",30,"0"
"768",1,23,0,0.7,2,0.931579,"19","ahp",30,"0"
"769",1,24,1,0.7,2,0.85,"19","ahp",30,"0"
"770",1,25,1,0,0,0.675,"19","ahp",30,"0"
"771",1,26,1,0,0,0.675,"19","ahp",30,"0"
"772",1,27,0,0.7,2,0.85,"19","ahp",30,"0"
"773",1,28,1,0,0,0.675,"19","ahp",30,"0"
"774",1,29,0,1,4,1,"19","ahp",30,"0"
"775",1,30,0,1,4,1,"19","ahp",30,"0"
"776",1,31,0,0.7,2,0.889474,"19","ahp",30,"0"
"777",1,32,1,0,0,0.675,"19","ahp",30,"0"
"778",1,33,1,0.3,2,0.825,"19","ahp",30,"0"
"779",1,34,1,0,0,0.675,"19","ahp",30,"0"
"780",1,35,0,1,4,1,"19","ahp",30,"0"
"781",1,6,5,0.3,2,0.825,"2","it",30,"0"
"782",1,7,5,0.3,2,0.825,"2","it",30,"0"
"783",1,8,1,1,4,1,"2","it",30,"0"
"784",1,9,0,1,4,1,"2","it",30,"0"
"785",1,10,0,1,4,1,"2","it",30,"0"
"786",1,11,2,0.2,1,0.770455,"2","it",30,"0"
"787",1,12,5,0.3,2,0.825,"2","it",30,"0"
"788",1,13,4,0.4,2,0.934,"2","it",30,"0"
"789",1,14,4,0.4,2,0.934,"2","it",30,"0"
"790",1,15,1,0.3,2,0.825,"2","it",30,"0"
"791",1,16,4,0.4,2,0.934,"2","it",30,"0"
"792",1,17,5,0.3,2,0.825,"2","it",30,"0"
"793",1,18,0,0.7,2,0.872385,"2","it",30,"0"
"794",1,19,5,0.3,2,0.825,"2","it",30,"0"
"795",1,20,0,0.3,2,0.825,"2","it",30,"0"
"796",1,21,5,0.3,2,0.825,"2","it",30,"0"
"797",1,22,5,0.3,2,0.825,"2","it",30,"0"
"798",1,23,1,1,4,1,"2","it",30,"0"
"799",1,24,1,0.7,2,0.85,"2","it",30,"0"
"800",1,25,0,1,4,1,"2","it",30,"0"
"801",1,26,0,0.7,2,0.85,"2","it",30,"0"
"802",1,27,0,1,4,1,"2","it",30,"0"
"803",1,28,1,0.7,2,0.86724,"2","it",30,"0"
"804",1,29,1,0.7,2,0.85,"2","it",30,"0"
"805",1,30,4,0.4,2,0.934,"2","it",30,"0"
"806",1,31,4,0.4,2,0.934,"2","it",30,"0"
"807",1,32,1,1,4,1,"2","it",30,"0"
"808",1,33,4,0.4,2,0.934,"2","it",30,"0"
"809",1,34,0,0.7,2,0.85,"2","it",30,"0"
"810",1,35,1,0.7,2,0.85,"2","it",30,"0"
"811",1,6,1,0,0,0.675,"2","ahp",30,"0"
"812",1,7,1,0,0,0.675,"2","ahp",30,"0"
"813",1,8,1,1,4,1,"2","ahp",30,"0"
"814",1,9,1,0.7,2,0.85,"2","ahp",30,"0"
"815",1,10,1,0.7,2,0.85,"2","ahp",30,"0"
"816",1,11,1,0,0,0.675,"2","ahp",30,"0"
"817",1,12,1,0,0,0.675,"2","ahp",30,"0"
"818",1,13,4,0.4,2,0.934,"2","ahp",30,"0"
"819",1,14,4,0.4,2,0.934,"2","ahp",30,"0"
"820",1,15,1,0.3,2,0.825,"2","ahp",30,"0"
"821",1,16,4,0.4,2,0.934,"2","ahp",30,"0"
"822",1,17,1,0,0,0.675,"2","ahp",30,"0"
"823",1,18,1,0.7,2,0.85,"2","ahp",30,"0"
"824",1,19,1,0,0,0.675,"2","ahp",30,"0"
"825",1,20,1,0,0,0.675,"2","ahp",30,"0"
"826",1,21,1,0,0,0.675,"2","ahp",30,"0"
"827",1,22,1,0.3,2,0.825,"2","ahp",30,"0"
"828",1,23,1,0.7,2,0.872961,"2","ahp",30,"0"
"829",1,24,1,0.7,2,0.85,"2","ahp",30,"0"
"830",1,25,1,1,4,1,"2","ahp",30,"0"
"831",1,26,1,0.7,2,0.85,"2","ahp",30,"0"
"832",1,27,1,0.7,2,0.85,"2","ahp",30,"0"
"833",1,28,1,0.7,2,0.85,"2","ahp",30,"0"
"834",1,29,1,0.7,2,0.85,"2","ahp",30,"0"
"835",1,30,4,0.4,2,0.934,"2","ahp",30,"0"
"836",1,31,1,0,0,0.675,"2","ahp",30,"0"
"837",1,32,1,0.7,2,0.85,"2","ahp",30,"0"
"838",1,33,4,0.4,2,0.934,"2","ahp",30,"0"
"839",1,34,1,0.7,2,0.85,"2","ahp",30,"0"
"840",1,35,1,0.7,2,0.85,"2","ahp",30,"0"
"841",1,6,2,0.7,2,0.85,"20","it",30,"0"
"842",1,7,2,1,4,1,"20","it",30,"0"
"843",1,8,5,0.3,2,0.825,"20","it",30,"0"
"844",1,9,0,0.7,2,0.960295,"20","it",30,"0"
"845",1,10,0,0.7,2,0.85,"20","it",30,"0"
"846",1,11,1,0.3,2,0.825,"20","it",30,"0"
"847",1,12,0,1,4,1,"20","it",30,"0"
"848",1,13,2,0.3,2,0.825,"20","it",30,"0"
"849",1,14,0,0.7,2,0.85,"20","it",30,"0"
"850",1,15,5,0.3,2,0.825,"20","it",30,"0"
"851",1,16,2,1,4,1,"20","it",30,"0"
"852",1,17,5,0.3,2,0.825,"20","it",30,"0"
"853",1,18,0,0.7,2,0.85,"20","it",30,"0"
"854",1,19,1,0.3,2,0.825,"20","it",30,"0"
"855",1,20,0,1,4,1,"20","it",30,"0"
"856",1,21,0,0.7,2,0.85,"20","it",30,"0"
"857",1,22,0,1,4,1,"20","it",30,"0"
"858",1,23,0,1,4,1,"20","it",30,"0"
"859",1,24,0,0.7,2,0.85,"20","it",30,"0"
"860",1,25,0,0.7,2,0.85,"20","it",30,"0"
"861",1,26,0,0.7,2,0.85,"20","it",30,"0"
"862",1,27,2,1,4,1,"20","it",30,"0"
"863",1,28,2,1,4,1,"20","it",30,"0"
"864",1,29,0,0.7,2,0.85,"20","it",30,"0"
"865",1,30,0,0.7,2,0.85,"20","it",30,"0"
"866",1,31,0,0.7,2,0.85,"20","it",30,"0"
"867",1,32,0,1,4,1,"20","it",30,"0"
"868",1,33,2,1,4,1,"20","it",30,"0"
"869",1,34,0,0.7,2,0.85,"20","it",30,"0"
"870",1,35,0,0.7,2,0.85,"20","it",30,"0"
"871",1,6,2,0.7,2,0.85,"20","ahp",30,"0"
"872",1,7,4,0.4,2,0.934,"20","ahp",30,"0"
"873",1,8,1,0.3,2,0.825,"20","ahp",30,"0"
"874",1,9,0,1,4,1,"20","ahp",30,"0"
"875",1,10,1,0,0,0.728469,"20","ahp",30,"0"
"876",1,11,2,0.3,2,0.825,"20","ahp",30,"0"
"877",1,12,1,0.3,2,0.825,"20","ahp",30,"0"
"878",1,13,5,0.3,2,0.825,"20","ahp",30,"0"
"879",1,14,1,0,0,0.675,"20","ahp",30,"0"
"880",1,15,1,0.3,2,0.825,"20","ahp",30,"0"
"881",1,16,2,0.7,2,0.85,"20","ahp",30,"0"
"882",1,17,2,0.3,2,0.825,"20","ahp",30,"0"
"883",1,18,1,0,0,0.798529,"20","ahp",30,"0"
"884",1,19,1,0,0,0.675,"20","ahp",30,"0"
"885",1,20,0,1,4,1,"20","ahp",30,"0"
"886",1,21,1,0.3,2,0.825,"20","ahp",30,"0"
"887",1,22,1,0.3,2,0.825,"20","ahp",30,"0"
"888",1,23,1,0.3,2,0.825,"20","ahp",30,"0"
"889",1,24,0,0.7,2,0.85,"20","ahp",30,"0"
"890",1,25,0,0.7,2,0.927277,"20","ahp",30,"0"
"891",1,26,1,0,0,0.675,"20","ahp",30,"0"
"892",1,27,2,1,4,1,"20","ahp",30,"0"
"893",1,28,2,1,4,1,"20","ahp",30,"0"
"894",1,29,0,0.7,2,0.85,"20","ahp",30,"0"
"895",1,30,0,1,4,1,"20","ahp",30,"0"
"896",1,31,1,0.3,2,0.825,"20","ahp",30,"0"
"897",1,32,1,0.3,2,0.825,"20","ahp",30,"0"
"898",1,33,4,0.4,2,0.934,"20","ahp",30,"0"
"899",1,34,1,0.3,2,0.825,"20","ahp",30,"0"
"900",1,35,0,1,4,1,"20","ahp",30,"0"
"901",1,6,5,0.7,2,0.85,"3","it",30,"0"
"902",1,7,5,0.7,2,0.85,"3","it",30,"0"
"903",1,8,1,0.3,2,0.825,"3","it",30,"0"
"904",1,9,1,1,4,1,"3","it",30,"0"
"905",1,10,4,0.4,2,0.934,"3","it",30,"0"
"906",1,11,1,1,4,1,"3","it",30,"0"
"907",1,12,5,0.3,2,0.825,"3","it",30,"0"
"908",1,13,0,0.3,2,0.825,"3","it",30,"0"
"909",1,14,0,0.7,2,0.85,"3","it",30,"0"
"910",1,15,0,0.3,2,0.825,"3","it",30,"0"
"911",1,16,2,0.3,2,0.825,"3","it",30,"0"
"912",1,17,5,0.7,2,0.85,"3","it",30,"0"
"913",1,18,2,1,4,1,"3","it",30,"0"
"914",1,19,5,0.7,2,0.85,"3","it",30,"0"
"915",1,20,2,0.3,2,0.825,"3","it",30,"0"
"916",1,21,3,0.1,1,0.813,"3","it",30,"0"
"917",1,22,2,0.3,2,0.825,"3","it",30,"0"
"918",1,23,4,0.4,2,0.934,"3","it",30,"0"
"919",1,24,5,1,4,1,"3","it",30,"0"
"920",1,25,2,0,0,0.726736,"3","it",30,"0"
"921",1,26,5,0.7,2,0.85,"3","it",30,"0"
"922",1,27,5,0.3,2,0.825,"3","it",30,"0"
"923",1,28,0,0.3,2,0.825,"3","it",30,"0"
"924",1,29,1,0.3,2,0.825,"3","it",30,"0"
"925",1,30,5,0.7,2,0.976923,"3","it",30,"0"
"926",1,31,0,1,4,1,"3","it",30,"0"
"927",1,32,5,0.7,2,0.85,"3","it",30,"0"
"928",1,33,3,0.1,1,0.813,"3","it",30,"0"
"929",1,34,5,0.7,2,0.85,"3","it",30,"0"
"930",1,35,2,0.3,2,0.825,"3","it",30,"0"
"931",1,6,4,0.3,1,0.879341,"3","ahp",30,"0"
"932",1,7,4,0.4,2,0.934,"3","ahp",30,"0"
"933",1,8,1,0.3,2,0.825,"3","ahp",30,"0"
"934",1,9,1,1,4,1,"3","ahp",30,"0"
"935",1,10,1,0,0,0.675,"3","ahp",30,"0"
"936",1,11,1,1,4,1,"3","ahp",30,"0"
"937",1,12,1,0.3,2,0.825,"3","ahp",30,"0"
"938",1,13,1,0,0,0.675,"3","ahp",30,"0"
"939",1,14,4,0.4,2,0.934,"3","ahp",30,"0"
"940",1,15,1,0,0,0.675,"3","ahp",30,"0"
"941",1,16,1,0.3,2,0.825,"3","ahp",30,"0"
"942",1,17,4,0.4,2,0.934,"3","ahp",30,"0"
"943",1,18,1,1,4,1,"3","ahp",30,"0"
"944",1,19,5,0.7,2,0.976923,"3","ahp",30,"0"
"945",1,20,1,0.3,2,0.825,"3","ahp",30,"0"
"946",1,21,1,0,0,0.675,"3","ahp",30,"0"
"947",1,22,1,0,0,0.726736,"3","ahp",30,"0"
"948",1,23,4,0.4,2,0.934,"3","ahp",30,"0"
"949",1,24,0,1,4,1,"3","ahp",30,"0"
"950",1,25,1,0,0,0.675,"3","ahp",30,"0"
"951",1,26,4,0.4,2,0.934,"3","ahp",30,"0"
"952",1,27,2,0.3,2,0.825,"3","ahp",30,"0"
"953",1,28,1,0.3,2,0.825,"3","ahp",30,"0"
"954",1,29,1,0,0,0.675,"3","ahp",30,"0"
"955",1,30,5,1,4,1,"3","ahp",30,"0"
"956",1,31,5,1,4,1,"3","ahp",30,"0"
"957",1,32,2,0.3,2,0.825,"3","ahp",30,"0"
"958",1,33,1,0,0,0.675,"3","ahp",30,"0"
"959",1,34,4,0.4,2,0.934,"3","ahp",30,"0"
"960",1,35,4,0.1,1,0.759,"3","ahp",30,"0"
"961",1,6,1,0,0,0.694114,"4","it",30,"0"
"962",1,7,2,1,4,1,"4","it",30,"0"
"963",1,8,2,1,4,1,"4","it",30,"0"
"964",1,9,5,0.3,2,0.825,"4","it",30,"0"
"965",1,10,1,0.3,2,0.825,"4","it",30,"0"
"966",1,11,0,1,4,1,"4","it",30,"0"
"967",1,12,1,0.3,2,0.825,"4","it",30,"0"
"968",1,13,5,0.7,2,0.866129,"4","it",30,"0"
"969",1,14,0,1,4,1,"4","it",30,"0"
"970",1,15,2,0.3,2,0.825,"4","it",30,"0"
"971",1,16,2,0.3,2,0.825,"4","it",30,"0"
"972",1,17,5,1,4,1,"4","it",30,"0"
"973",1,18,0,1,4,1,"4","it",30,"0"
"974",1,19,2,0.3,2,0.825,"4","it",30,"0"
"975",1,20,2,0,0,0.753166,"4","it",30,"0"
"976",1,21,2,0,0,0.675,"4","it",30,"0"
"977",1,22,0,0.3,2,0.825,"4","it",30,"0"
"978",1,23,2,1,4,1,"4","it",30,"0"
"979",1,24,0,0,0,0.758436,"4","it",30,"0"
"980",1,25,5,0.3,2,0.825,"4","it",30,"0"
"981",1,26,0,1,4,1,"4","it",30,"0"
"982",1,27,2,0.3,2,0.825,"4","it",30,"0"
"983",1,28,2,1,4,1,"4","it",30,"0"
"984",1,29,2,0.3,2,0.825,"4","it",30,"0"
"985",1,30,0,1,4,1,"4","it",30,"0"
"986",1,31,1,0.3,2,0.825,"4","it",30,"0"
"987",1,32,0,0.3,2,0.825,"4","it",30,"0"
"988",1,33,0,1,4,1,"4","it",30,"0"
"989",1,34,1,0.3,2,0.825,"4","it",30,"0"
"990",1,35,0,1,4,1,"4","it",30,"0"
"991",1,6,1,0,0,0.675,"4","ahp",30,"0"
"992",1,7,2,1,4,1,"4","ahp",30,"0"
"993",1,8,2,1,4,1,"4","ahp",30,"0"
"994",1,9,1,0.3,2,0.825,"4","ahp",30,"0"
"995",1,10,1,0,0,0.675,"4","ahp",30,"0"
"996",1,11,0,1,4,1,"4","ahp",30,"0"
"997",1,12,1,0,0,0.675,"4","ahp",30,"0"
"998",1,13,5,1,4,1,"4","ahp",30,"0"
"999",1,14,0,1,4,1,"4","ahp",30,"0"
"1000",1,15,1,0,0,0.675,"4","ahp",30,"0"
"1001",1,16,1,0,0,0.753947,"4","ahp",30,"0"
"1002",1,17,1,0,0,0.675,"4","ahp",30,"0"
"1003",1,18,0,1,4,1,"4","ahp",30,"0"
"1004",1,19,1,0,0,0.675,"4","ahp",30,"0"
"1005",1,20,1,0,0,0.675,"4","ahp",30,"0"
"1006",1,21,1,0,0,0.675,"4","ahp",30,"0"
"1007",1,22,1,0,0,0.675,"4","ahp",30,"0"
"1008",1,23,4,0.4,2,0.934,"4","ahp",30,"0"
"1009",1,24,1,0,0,0.675,"4","ahp",30,"0"
"1010",1,25,1,0.3,2,0.825,"4","ahp",30,"0"
"1011",1,26,0,1,4,1,"4","ahp",30,"0"
"1012",1,27,1,0,0,0.675,"4","ahp",30,"0"
"1013",1,28,2,1,4,1,"4","ahp",30,"0"
"1014",1,29,2,0.3,2,0.825,"4","ahp",30,"0"
"1015",1,30,0,1,4,1,"4","ahp",30,"0"
"1016",1,31,1,0,0,0.675,"4","ahp",30,"0"
"1017",1,32,1,0,0,0.675,"4","ahp",30,"0"
"1018",1,33,3,0.4,2,0.988,"4","ahp",30,"0"
"1019",1,34,1,0,0,0.675,"4","ahp",30,"0"
"1020",1,35,3,0.4,2,0.988,"4","ahp",30,"0"
"1021",1,6,5,0.3,2,0.825,"5","it",30,"0"
"1022",1,7,1,0.3,2,0.825,"5","it",30,"0"
"1023",1,8,0,0.3,2,0.825,"5","it",30,"0"
"1024",1,9,4,0.4,2,0.934,"5","it",30,"0"
"1025",1,10,4,0.4,2,0.934,"5","it",30,"0"
"1026",1,11,4,0.4,2,0.934,"5","it",30,"0"
"1027",1,12,2,0.7,2,0.932197,"5","it",30,"0"
"1028",1,13,2,1,4,1,"5","it",30,"0"
"1029",1,14,5,0.3,2,0.825,"5","it",30,"0"
"1030",1,15,2,1,4,1,"5","it",30,"0"
"1031",1,16,0,0.3,2,0.825,"5","it",30,"0"
"1032",1,17,0,0.3,2,0.825,"5","it",30,"0"
"1033",1,18,5,0.3,2,0.825,"5","it",30,"0"
"1034",1,19,4,0.4,2,0.934,"5","it",30,"0"
"1035",1,20,5,0.3,2,0.825,"5","it",30,"0"
"1036",1,21,5,0.3,2,0.825,"5","it",30,"0"
"1037",1,22,1,0.3,2,0.825,"5","it",30,"0"
"1038",1,23,5,0.3,2,0.825,"5","it",30,"0"
"1039",1,24,0,0.3,2,0.825,"5","it",30,"0"
"1040",1,25,4,0.4,2,0.934,"5","it",30,"0"
"1041",1,26,5,0.3,2,0.825,"5","it",30,"0"
"1042",1,27,1,0.3,2,0.825,"5","it",30,"0"
"1043",1,28,2,1,4,1,"5","it",30,"0"
"1044",1,29,4,0.4,2,0.934,"5","it",30,"0"
"1045",1,30,4,0.4,2,0.934,"5","it",30,"0"
"1046",1,31,5,0.3,2,0.825,"5","it",30,"0"
"1047",1,32,4,0.4,2,0.934,"5","it",30,"0"
"1048",1,33,2,0.3,2,0.825,"5","it",30,"0"
"1049",1,34,4,0.4,2,0.934,"5","it",30,"0"
"1050",1,35,3,0.4,2,0.988,"5","it",30,"0"
"1051",1,6,1,0,0,0.675,"5","ahp",30,"0"
"1052",1,7,1,0.3,2,0.825,"5","ahp",30,"0"
"1053",1,8,1,0,0,0.675,"5","ahp",30,"0"
"1054",1,9,4,0.4,2,0.934,"5","ahp",30,"0"
"1055",1,10,4,0.4,2,0.934,"5","ahp",30,"0"
"1056",1,11,4,0.4,2,0.934,"5","ahp",30,"0"
"1057",1,12,2,0.7,2,0.932197,"5","ahp",30,"0"
"1058",1,13,2,1,4,1,"5","ahp",30,"0"
"1059",1,14,1,0,0,0.675,"5","ahp",30,"0"
"1060",1,15,2,1,4,1,"5","ahp",30,"0"
"1061",1,16,1,0,0,0.675,"5","ahp",30,"0"
"1062",1,17,4,0.1,1,0.759,"5","ahp",30,"0"
"1063",1,18,1,0,0,0.675,"5","ahp",30,"0"
"1064",1,19,1,0.3,2,0.825,"5","ahp",30,"0"
"1065",1,20,2,0.3,2,0.825,"5","ahp",30,"0"
"1066",1,21,1,0,0,0.675,"5","ahp",30,"0"
"1067",1,22,1,0.3,2,0.825,"5","ahp",30,"0"
"1068",1,23,1,0.3,2,0.825,"5","ahp",30,"0"
"1069",1,24,1,0,0,0.675,"5","ahp",30,"0"
"1070",1,25,4,0.4,2,0.934,"5","ahp",30,"0"
"1071",1,26,1,0,0,0.675,"5","ahp",30,"0"
"1072",1,27,1,0,0,0.675,"5","ahp",30,"0"
"1073",1,28,2,1,4,1,"5","ahp",30,"0"
"1074",1,29,4,0.4,2,0.934,"5","ahp",30,"0"
"1075",1,30,1,0.3,2,0.825,"5","ahp",30,"0"
"1076",1,31,1,0,0,0.729668,"5","ahp",30,"0"
"1077",1,32,4,0.4,2,0.934,"5","ahp",30,"0"
"1078",1,33,1,0,0,0.739987,"5","ahp",30,"0"
"1079",1,34,4,0.4,2,0.934,"5","ahp",30,"0"
"1080",1,35,3,0.4,2,0.988,"5","ahp",30,"0"
"1081",1,6,0,0.7,2,0.85,"6","it",30,"0"
"1082",1,7,4,0.1,1,0.759,"6","it",30,"0"
"1083",1,8,5,1,4,1,"6","it",30,"0"
"1084",1,9,0,0.3,2,0.825,"6","it",30,"0"
"1085",1,10,0,1,4,1,"6","it",30,"0"
"1086",1,11,1,1,4,1,"6","it",30,"0"
"1087",1,12,0,1,4,1,"6","it",30,"0"
"1088",1,13,4,0,0,0.725667,"6","it",30,"0"
"1089",1,14,2,0.3,2,0.825,"6","it",30,"0"
"1090",1,15,5,1,4,1,"6","it",30,"0"
"1091",1,16,1,1,4,1,"6","it",30,"0"
"1092",1,17,0,0.3,2,0.825,"6","it",30,"0"
"1093",1,18,1,0.7,2,0.862622,"6","it",30,"0"
"1094",1,19,1,1,4,1,"6","it",30,"0"
"1095",1,20,5,0.3,2,0.825,"6","it",30,"0"
"1096",1,21,0,1,4,1,"6","it",30,"0"
"1097",1,22,1,1,4,1,"6","it",30,"0"
"1098",1,23,2,0,0,0.676563,"6","it",30,"0"
"1099",1,24,5,0.3,2,0.825,"6","it",30,"0"
"1100",1,25,1,0.3,2,0.825,"6","it",30,"0"
"1101",1,26,2,0.3,2,0.825,"6","it",30,"0"
"1102",1,27,5,0.3,2,0.825,"6","it",30,"0"
"1103",1,28,0,1,4,1,"6","it",30,"0"
"1104",1,29,2,0.3,2,0.825,"6","it",30,"0"
"1105",1,30,0,1,4,1,"6","it",30,"0"
"1106",1,31,1,1,4,1,"6","it",30,"0"
"1107",1,32,0,1,4,1,"6","it",30,"0"
"1108",1,33,0,1,4,1,"6","it",30,"0"
"1109",1,34,1,0.7,2,0.85,"6","it",30,"0"
"1110",1,35,0,0.3,2,0.825,"6","it",30,"0"
"1111",1,6,1,0.7,2,0.85,"6","ahp",30,"0"
"1112",1,7,1,0,0,0.675,"6","ahp",30,"0"
"1113",1,8,5,1,4,1,"6","ahp",30,"0"
"1114",1,9,0,0.3,2,0.825,"6","ahp",30,"0"
"1115",1,10,0,1,4,1,"6","ahp",30,"0"
"1116",1,11,1,0.7,2,0.85,"6","ahp",30,"0"
"1117",1,12,0,1,4,1,"6","ahp",30,"0"
"1118",1,13,1,0,0,0.675,"6","ahp",30,"0"
"1119",1,14,2,0.3,2,0.825,"6","ahp",30,"0"
"1120",1,15,1,1,4,1,"6","ahp",30,"0"
"1121",1,16,1,0.7,2,0.85,"6","ahp",30,"0"
"1122",1,17,5,0.3,2,0.825,"6","ahp",30,"0"
"1123",1,18,1,0.7,2,0.85,"6","ahp",30,"0"
"1124",1,19,1,1,4,1,"6","ahp",30,"0"
"1125",1,20,2,0.3,2,0.825,"6","ahp",30,"0"
"1126",1,21,1,0.7,2,0.85,"6","ahp",30,"0"
"1127",1,22,1,0.7,2,0.85,"6","ahp",30,"0"
"1128",1,23,1,0,0,0.675,"6","ahp",30,"0"
"1129",1,24,2,0.3,2,0.825,"6","ahp",30,"0"
"1130",1,25,1,0,0,0.675,"6","ahp",30,"0"
"1131",1,26,1,0,0,0.675,"6","ahp",30,"0"
"1132",1,27,1,0.3,2,0.825,"6","ahp",30,"0"
"1133",1,28,1,1,4,1,"6","ahp",30,"0"
"1134",1,29,1,0.3,2,0.825,"6","ahp",30,"0"
"1135",1,30,1,0.7,2,0.85,"6","ahp",30,"0"
"1136",1,31,1,0.7,2,0.85,"6","ahp",30,"0"
"1137",1,32,1,0.7,2,0.85,"6","ahp",30,"0"
"1138",1,33,1,0.7,2,0.986894,"6","ahp",30,"0"
"1139",1,34,1,0.7,2,0.85,"6","ahp",30,"0"
"1140",1,35,2,0.3,2,0.825,"6","ahp",30,"0"
"1141",1,6,5,0,0,0.783345,"7","it",30,"0"
"1142",1,7,1,0.3,2,0.825,"7","it",30,"0"
"1143",1,8,1,0,0,0.675,"7","it",30,"0"
"1144",1,9,0,0.4,1,0.827778,"7","it",30,"0"
"1145",1,10,1,0.3,2,0.825,"7","it",30,"0"
"1146",1,11,0,0.7,2,0.85,"7","it",30,"0"
"1147",1,12,2,1,4,1,"7","it",30,"0"
"1148",1,13,2,1,4,1,"7","it",30,"0"
"1149",1,14,0,1,4,1,"7","it",30,"0"
"1150",1,15,0,1,4,1,"7","it",30,"0"
"1151",1,16,5,0.3,2,0.825,"7","it",30,"0"
"1152",1,17,0,0.7,2,0.85,"7","it",30,"0"
"1153",1,18,0,1,4,1,"7","it",30,"0"
"1154",1,19,2,1,4,1,"7","it",30,"0"
"1155",1,20,0,0,0,0.791667,"7","it",30,"0"
"1156",1,21,2,0.7,2,0.85,"7","it",30,"0"
"1157",1,22,0,0.3,2,0.825,"7","it",30,"0"
"1158",1,23,2,0.3,2,0.825,"7","it",30,"0"
"1159",1,24,2,1,4,1,"7","it",30,"0"
"1160",1,25,2,1,4,1,"7","it",30,"0"
"1161",1,26,2,1,4,1,"7","it",30,"0"
"1162",1,27,4,0.1,1,0.759,"7","it",30,"0"
"1163",1,28,5,0.3,2,0.825,"7","it",30,"0"
"1164",1,29,0,0.7,2,0.85,"7","it",30,"0"
"1165",1,30,0,1,4,1,"7","it",30,"0"
"1166",1,31,0,0.7,2,0.92823,"7","it",30,"0"
"1167",1,32,0,1,4,1,"7","it",30,"0"
"1168",1,33,2,0.7,2,0.85,"7","it",30,"0"
"1169",1,34,0,0.7,2,0.85,"7","it",30,"0"
"1170",1,35,5,0.3,2,0.825,"7","it",30,"0"
"1171",1,6,1,0,0,0.675,"7","ahp",30,"0"
"1172",1,7,1,0,0,0.736045,"7","ahp",30,"0"
"1173",1,8,1,0,0,0.675,"7","ahp",30,"0"
"1174",1,9,1,0,0,0.675,"7","ahp",30,"0"
"1175",1,10,1,0.3,2,0.825,"7","ahp",30,"0"
"1176",1,11,1,0,0,0.675,"7","ahp",30,"0"
"1177",1,12,1,0.3,2,0.825,"7","ahp",30,"0"
"1178",1,13,2,1,4,1,"7","ahp",30,"0"
"1179",1,14,2,1,4,1,"7","ahp",30,"0"
"1180",1,15,1,0,0,0.675,"7","ahp",30,"0"
"1181",1,16,4,0.1,1,0.759,"7","ahp",30,"0"
"1182",1,17,1,0,0,0.675,"7","ahp",30,"0"
"1183",1,18,1,0.3,2,0.825,"7","ahp",30,"0"
"1184",1,19,2,1,4,1,"7","ahp",30,"0"
"1185",1,20,1,0,0,0.675,"7","ahp",30,"0"
"1186",1,21,1,0,0,0.675,"7","ahp",30,"0"
"1187",1,22,2,0,0,0.791667,"7","ahp",30,"0"
"1188",1,23,2,0.3,2,0.825,"7","ahp",30,"0"
"1189",1,24,2,1,4,1,"7","ahp",30,"0"
"1190",1,25,2,1,4,1,"7","ahp",30,"0"
"1191",1,26,2,0.7,2,0.872067,"7","ahp",30,"0"
"1192",1,27,1,0,0,0.675,"7","ahp",30,"0"
"1193",1,28,1,0.3,2,0.825,"7","ahp",30,"0"
"1194",1,29,2,1,4,1,"7","ahp",30,"0"
"1195",1,30,1,0.3,2,0.825,"7","ahp",30,"0"
"1196",1,31,2,0.3,2,0.825,"7","ahp",30,"0"
"1197",1,32,0,1,4,1,"7","ahp",30,"0"
"1198",1,33,4,0.1,1,0.759,"7","ahp",30,"0"
"1199",1,34,1,0,0,0.675,"7","ahp",30,"0"
"1200",1,35,1,0.3,2,0.825,"7","ahp",30,"0"
"1201",1,6,0,0,0,0.700253,"8","it",30,"0"
"1202",1,7,5,0.3,2,0.825,"8","it",30,"0"
"1203",1,8,2,0.7,2,0.85,"8","it",30,"0"
"1204",1,9,0,0.3,2,0.825,"8","it",30,"0"
"1205",1,10,2,0.7,2,0.85,"8","it",30,"0"
"1206",1,11,0,1,4,1,"8","it",30,"0"
"1207",1,12,0,1,4,1,"8","it",30,"0"
"1208",1,13,0,0.7,2,0.904545,"8","it",30,"0"
"1209",1,14,2,1,4,1,"8","it",30,"0"
"1210",1,15,5,0.3,2,0.825,"8","it",30,"0"
"1211",1,16,5,1,4,1,"8","it",30,"0"
"1212",1,17,5,0.7,2,0.85,"8","it",30,"0"
"1213",1,18,2,1,4,1,"8","it",30,"0"
"1214",1,19,2,1,4,1,"8","it",30,"0"
"1215",1,20,2,1,4,1,"8","it",30,"0"
"1216",1,21,2,0.7,2,0.85,"8","it",30,"0"
"1217",1,22,1,0.3,2,0.825,"8","it",30,"0"
"1218",1,23,5,1,4,1,"8","it",30,"0"
"1219",1,24,5,1,4,1,"8","it",30,"0"
"1220",1,25,0,1,4,1,"8","it",30,"0"
"1221",1,26,2,0.7,2,0.864026,"8","it",30,"0"
"1222",1,27,0,0.7,2,0.85,"8","it",30,"0"
"1223",1,28,3,0.1,1,0.813,"8","it",30,"0"
"1224",1,29,0,1,4,1,"8","it",30,"0"
"1225",1,30,2,0.7,2,0.85,"8","it",30,"0"
"1226",1,31,5,0.7,2,0.853469,"8","it",30,"0"
"1227",1,32,5,1,4,1,"8","it",30,"0"
"1228",1,33,0,0.3,2,0.825,"8","it",30,"0"
"1229",1,34,2,1,4,1,"8","it",30,"0"
"1230",1,35,5,1,4,1,"8","it",30,"0"
"1231",1,6,1,0,0,0.675,"8","ahp",30,"0"
"1232",1,7,1,0,0,0.675,"8","ahp",30,"0"
"1233",1,8,2,0.7,2,0.85,"8","ahp",30,"0"
"1234",1,9,1,0,0,0.675,"8","ahp",30,"0"
"1235",1,10,3,0.4,2,0.988,"8","ahp",30,"0"
"1236",1,11,1,0,0,0.677103,"8","ahp",30,"0"
"1237",1,12,3,0.4,2,0.988,"8","ahp",30,"0"
"1238",1,13,1,0,0,0.675,"8","ahp",30,"0"
"1239",1,14,2,1,4,1,"8","ahp",30,"0"
"1240",1,15,1,0.3,2,0.825,"8","ahp",30,"0"
"1241",1,16,3,0.4,2,0.988,"8","ahp",30,"0"
"1242",1,17,1,0,0,0.675,"8","ahp",30,"0"
"1243",1,18,2,1,4,1,"8","ahp",30,"0"
"1244",1,19,2,1,4,1,"8","ahp",30,"0"
"1245",1,20,2,1,4,1,"8","ahp",30,"0"
"1246",1,21,2,0.7,2,0.85,"8","ahp",30,"0"
"1247",1,22,1,0,0,0.675,"8","ahp",30,"0"
"1248",1,23,3,0.4,2,0.988,"8","ahp",30,"0"
"1249",1,24,2,0.7,2,0.85,"8","ahp",30,"0"
"1250",1,25,1,0.3,2,0.825,"8","ahp",30,"0"
"1251",1,26,2,0.7,2,0.85,"8","ahp",30,"0"
"1252",1,27,3,0.4,2,0.988,"8","ahp",30,"0"
"1253",1,28,1,0,0,0.675,"8","ahp",30,"0"
"1254",1,29,0,1,4,1,"8","ahp",30,"0"
"1255",1,30,5,1,4,1,"8","ahp",30,"0"
"1256",1,31,3,0.4,2,0.988,"8","ahp",30,"0"
"1257",1,32,5,1,4,1,"8","ahp",30,"0"
"1258",1,33,0,0.3,2,0.825,"8","ahp",30,"0"
"1259",1,34,2,0.7,2,0.88736,"8","ahp",30,"0"
"1260",1,35,3,0.4,2,0.988,"8","ahp",30,"0"
"1261",1,6,1,0.7,2,0.85,"9","it",30,"0"
"1262",1,7,5,0.3,2,0.825,"9","it",30,"0"
"1263",1,8,1,1,4,1,"9","it",30,"0"
"1264",1,9,5,0.7,2,0.973529,"9","it",30,"0"
"1265",1,10,5,0.3,2,0.825,"9","it",30,"0"
"1266",1,11,0,1,4,1,"9","it",30,"0"
"1267",1,12,1,0.7,2,0.85,"9","it",30,"0"
"1268",1,13,5,1,4,1,"9","it",30,"0"
"1269",1,14,0,1,4,1,"9","it",30,"0"
"1270",1,15,1,1,4,1,"9","it",30,"0"
"1271",1,16,1,0.3,2,0.825,"9","it",30,"0"
"1272",1,17,0,0.7,2,0.961999,"9","it",30,"0"
"1273",1,18,2,0.3,2,0.825,"9","it",30,"0"
"1274",1,19,0,1,4,1,"9","it",30,"0"
"1275",1,20,0,0.7,2,0.85,"9","it",30,"0"
"1276",1,21,5,1,4,1,"9","it",30,"0"
"1277",1,22,1,1,4,1,"9","it",30,"0"
"1278",1,23,5,1,4,1,"9","it",30,"0"
"1279",1,24,5,1,4,1,"9","it",30,"0"
"1280",1,25,5,1,4,1,"9","it",30,"0"
"1281",1,26,5,0.7,2,0.85,"9","it",30,"0"
"1282",1,27,2,0.3,2,0.825,"9","it",30,"0"
"1283",1,28,5,0.7,2,0.85,"9","it",30,"0"
"1284",1,29,3,0.1,1,0.813,"9","it",30,"0"
"1285",1,30,1,0.3,2,0.825,"9","it",30,"0"
"1286",1,31,1,1,4,1,"9","it",30,"0"
"1287",1,32,5,0.7,2,0.911765,"9","it",30,"0"
"1288",1,33,5,0.7,2,0.85,"9","it",30,"0"
"1289",1,34,1,1,4,1,"9","it",30,"0"
"1290",1,35,1,0.3,2,0.825,"9","it",30,"0"
"1291",1,6,1,0.7,2,0.85,"9","ahp",30,"0"
"1292",1,7,1,0.3,2,0.825,"9","ahp",30,"0"
"1293",1,8,1,1,4,1,"9","ahp",30,"0"
"1294",1,9,3,0.4,2,0.988,"9","ahp",30,"0"
"1295",1,10,2,0.3,2,0.825,"9","ahp",30,"0"
"1296",1,11,3,0.4,2,0.988,"9","ahp",30,"0"
"1297",1,12,1,0.7,2,0.85,"9","ahp",30,"0"
"1298",1,13,5,1,4,1,"9","ahp",30,"0"
"1299",1,14,1,1,4,1,"9","ahp",30,"0"
"1300",1,15,1,1,4,1,"9","ahp",30,"0"
"1301",1,16,1,0,0,0.775,"9","ahp",30,"0"
"1302",1,17,3,0.4,2,0.988,"9","ahp",30,"0"
"1303",1,18,2,0.3,2,0.825,"9","ahp",30,"0"
"1304",1,19,5,1,4,1,"9","ahp",30,"0"
"1305",1,20,3,0.4,2,0.988,"9","ahp",30,"0"
"1306",1,21,1,0.3,2,0.825,"9","ahp",30,"0"
"1307",1,22,1,1,4,1,"9","ahp",30,"0"
"1308",1,23,1,1,4,1,"9","ahp",30,"0"
"1309",1,24,5,1,4,1,"9","ahp",30,"0"
"1310",1,25,5,1,4,1,"9","ahp",30,"0"
"1311",1,26,3,0.4,2,0.988,"9","ahp",30,"0"
"1312",1,27,2,0.3,2,0.825,"9","ahp",30,"0"
"1313",1,28,1,0,0,0.675,"9","ahp",30,"0"
"1314",1,29,1,0,0,0.675,"9","ahp",30,"0"
"1315",1,30,1,0.3,2,0.825,"9","ahp",30,"0"
"1316",1,31,1,0.7,2,0.953846,"9","ahp",30,"0"
"1317",1,32,5,0.7,2,0.911765,"9","ahp",30,"0"
"1318",1,33,3,0.4,2,0.988,"9","ahp",30,"0"
"1319",1,34,1,1,4,1,"9","ahp",30,"0"
"1320",1,35,2,0.3,2,0.825,"9","ahp",30,"0"
